Region,Sales,Orders,Revenue,Month,Year,Latitude,Longitude,Customer_Name,Product_Category,Marketing_Campaign
East,1001,6,4696,March,2022,80.03983179079714,-95.17577357100659,Customer_92,Category_3,Before
West,1458,17,2885,March,2023,19.7894805472893,159.68669185266378,Customer_847,Category_3,Before
North,1668,7,3301,October,2023,76.414044371742,133.65058586351495,Customer_613,Category_3,Before
East,1724,20,4701,December,2022,51.44627618430718,-75.80127781144503,Customer_411,Category_1,After
East,1428,10,3028,December,2023,16.190618904325575,101.95756367640433,Customer_431,Category_3,Before
West,960,23,3757,April,2023,-88.84166193057678,109.16816567933023,Customer_677,Category_2,After
North,1231,11,4920,June,2022,49.05293149429272,175.16272108118778,Customer_158,Category_3,After
North,1251,14,2900,July,2022,36.44790148592439,35.22239526444659,Customer_13,Category_3,After
East,1424,13,3610,October,2022,20.745657590834526,-150.49233552828161,Customer_372,Category_1,Before
South,1408,6,3804,April,2023,46.876376102844915,52.86140241349713,Customer_224,Category_1,After
East,1776,19,4986,June,2022,2.325989659457832,44.99270941537267,Customer_504,Category_2,After
East,889,9,2449,November,2022,36.73498883784103,49.80620787135544,Customer_72,Category_3,After
East,1382,8,1546,January,2022,78.3309756107688,-69.42756668248386,Customer_248,Category_3,After
East,755,24,4373,August,2022,-22.35509714770447,129.48465062891984,Customer_510,Category_3,After
West,1208,8,1921,July,2023,37.461930282112576,165.4099858639483,Customer_602,Category_2,After
North,949,22,1580,November,2023,-4.376192758027429,-101.62349532786546,Customer_215,Category_1,After
West,509,8,2372,November,2022,31.391937326516683,-148.265223070808,Customer_972,Category_2,After
West,1323,21,4903,September,2023,47.320800399785554,-109.96738805934572,Customer_601,Category_3,After
West,1297,16,2956,March,2022,-81.81854992155672,115.39877013205876,Customer_540,Category_1,After
East,1765,21,3003,February,2022,26.388079910759146,63.5920685351451,Customer_946,Category_1,After
South,1774,14,3096,January,2023,-49.18658680674998,48.977043242085585,Customer_816,Category_2,After
North,1376,5,3964,March,2023,30.605856805362023,-35.35447136060719,Customer_938,Category_1,Before
South,1528,22,4145,May,2022,-5.70056653191358,28.018069744116872,Customer_987,Category_1,Before
West,1642,22,1703,November,2022,49.239493535679685,-69.16531490122773,Customer_219,Category_3,After
West,1515,18,3308,February,2023,-67.78785326299264,-8.20797140953394,Customer_839,Category_3,After
South,873,19,3403,December,2022,22.738023298115124,105.5026902134361,Customer_726,Category_1,After
South,1588,16,4653,March,2023,-39.87526879304058,173.2469750839664,Customer_220,Category_1,Before
South,645,8,2625,April,2022,63.53675915950646,155.6960124923287,Customer_388,Category_2,Before
West,723,7,4331,July,2022,77.10903101453533,156.19173942464954,Customer_553,Category_2,Before
West,1762,24,1637,March,2023,89.35169286222998,-35.199455455039555,Customer_646,Category_1,After
North,676,16,3790,September,2023,53.281332436910986,-11.235643017555276,Customer_41,Category_3,After
North,1352,11,4366,August,2023,45.67213267704082,74.02874269283336,Customer_675,Category_1,After
West,1805,15,2009,April,2023,-51.209863403840814,151.98909409846232,Customer_872,Category_1,After
South,562,5,3978,January,2023,-29.518729381780425,-128.8820666332495,Customer_282,Category_3,Before
South,1740,10,1640,January,2023,-6.177142482789691,-70.47292902220953,Customer_57,Category_3,After
North,1326,19,3839,January,2023,49.208588600804944,-129.87113594612057,Customer_813,Category_2,Before
West,1294,19,4384,January,2022,74.69385571403436,40.3230707854039,Customer_833,Category_2,Before
North,1188,23,3659,August,2022,-55.95496199586277,-69.73164112048649,Customer_536,Category_2,After
North,1984,15,2861,March,2022,76.02614724061851,-62.601173095473555,Customer_72,Category_2,Before
East,604,6,3856,June,2023,35.21243742373045,-154.47025458432748,Customer_884,Category_3,Before
East,1622,18,2205,March,2023,19.938731523306956,-54.07341774926691,Customer_922,Category_1,Before
East,1010,6,1685,November,2023,-54.02857116925089,130.49874266457073,Customer_128,Category_2,Before
South,884,8,2851,May,2022,-80.0054940943529,-96.09378771929941,Customer_598,Category_2,After
West,904,21,4435,July,2023,12.32368173142919,70.26748783562363,Customer_841,Category_3,After
West,1322,7,1187,February,2023,27.272822999200642,46.66620417789335,Customer_425,Category_3,Before
West,1017,17,4640,June,2022,-52.05933911615612,130.85445901288153,Customer_947,Category_1,After
West,975,13,4614,June,2023,10.162117048582147,-132.37633884562624,Customer_664,Category_1,Before
East,1208,11,2619,November,2022,64.16881249726325,171.93238572421558,Customer_693,Category_3,After
South,1270,19,2687,March,2022,60.3118701819036,29.7463125745316,Customer_124,Category_2,After
South,1960,15,1984,June,2023,76.92393250553349,178.37069484485318,Customer_66,Category_2,After
East,1546,24,1547,October,2023,-24.140554279761517,148.1453013117063,Customer_5,Category_2,After
South,1496,6,3772,October,2023,-32.751076940834636,-100.25378203928192,Customer_636,Category_1,After
East,1176,19,3973,May,2022,44.89668107654555,-159.78167643480728,Customer_313,Category_2,Before
West,1213,18,2431,December,2022,-12.3997670825391,-87.96992623366985,Customer_325,Category_2,After
East,1981,24,1875,February,2022,-74.24124047499949,9.922913639791147,Customer_564,Category_3,Before
West,582,15,1617,September,2023,-39.09579647931005,-118.2253078565316,Customer_577,Category_2,Before
West,1668,7,3461,August,2023,-14.655188604331954,-119.71449197352413,Customer_825,Category_3,After
North,1608,21,2365,March,2023,-37.34704341427464,-13.466323042144893,Customer_505,Category_2,Before
East,1601,16,2243,August,2023,-30.202997229482108,-168.02353037903097,Customer_81,Category_1,After
North,956,19,1902,September,2022,-37.120336888609664,-136.12029028838265,Customer_598,Category_2,Before
East,500,20,1162,March,2022,-82.5301499070457,-30.289917813138885,Customer_1,Category_2,Before
East,550,9,2974,March,2022,24.677046148399654,-157.2732326851321,Customer_203,Category_3,After
North,1184,24,4291,February,2022,17.51263566362448,-37.16817967600943,Customer_661,Category_3,After
North,1216,10,1269,August,2023,27.609029726162504,-9.357744258559762,Customer_804,Category_3,After
East,1969,23,1631,October,2023,-55.38421871394706,-17.544018933678814,Customer_403,Category_2,After
South,948,9,1905,January,2023,-36.78218250975265,132.9029486651114,Customer_102,Category_2,Before
West,1380,7,4919,August,2022,21.530866850086014,10.822483818623681,Customer_535,Category_1,After
North,987,5,4471,July,2022,17.932962322785855,-11.527033507904378,Customer_367,Category_2,Before
West,533,10,4253,July,2023,1.1394556837682046,-32.14467165900018,Customer_211,Category_1,Before
South,1871,19,3014,March,2023,-26.92561499816447,114.344416189615,Customer_576,Category_3,Before
South,594,6,2641,January,2022,74.3275808594442,142.2203774399399,Customer_960,Category_3,Before
South,1595,7,4800,April,2023,-28.84135638620812,127.16728891096233,Customer_208,Category_3,Before
North,653,21,1204,September,2022,-7.988551841294708,62.476768127300716,Customer_762,Category_1,Before
South,749,16,1581,May,2022,32.06048957175757,-130.54977145127728,Customer_896,Category_2,After
North,1173,22,2579,January,2022,7.743857556017545,-80.32681098287559,Customer_116,Category_3,Before
South,937,19,1840,May,2023,-27.560524254410602,-163.41729707448812,Customer_627,Category_2,Before
West,617,16,2836,August,2023,-11.583937717828235,155.09666699644106,Customer_748,Category_2,Before
West,1270,20,2251,August,2022,53.00654721363111,57.88747068872772,Customer_477,Category_3,After
East,1829,12,2719,May,2023,-39.93675201240976,88.69063835276694,Customer_104,Category_1,After
West,767,18,2642,December,2022,-64.39405684017322,-67.83417375039758,Customer_494,Category_2,Before
East,1577,21,3643,September,2022,-33.63062367064013,124.43526801984325,Customer_770,Category_3,After
West,735,12,4921,January,2022,62.91615878782224,-86.54281786494774,Customer_45,Category_2,Before
North,888,19,3297,April,2022,-73.9818513258576,-179.4082474395181,Customer_822,Category_2,After
West,1489,18,1874,March,2023,88.50529320704132,-44.49061349255018,Customer_330,Category_2,Before
East,1262,22,2464,February,2022,7.380521806979246,25.47413314526642,Customer_215,Category_2,After
East,900,24,4604,August,2022,87.27223391407693,-7.666251132411901,Customer_981,Category_2,After
South,1123,11,3243,July,2023,79.01935597547595,130.34741132757495,Customer_959,Category_1,After
North,1266,7,1689,September,2022,-8.493531442034978,-142.0540970557799,Customer_491,Category_1,Before
West,1826,16,3010,February,2022,-54.27160657103716,19.376438628141216,Customer_812,Category_3,Before
South,1418,7,4590,April,2023,-60.32074021827508,4.672565935526677,Customer_921,Category_1,Before
West,1730,24,4141,June,2023,-46.80191450340765,-78.69852641802132,Customer_844,Category_1,After
West,1752,18,3686,November,2023,37.82387530161671,116.00212052772378,Customer_448,Category_1,After
South,1352,19,2422,March,2022,-40.869000948332186,91.02551611759424,Customer_535,Category_2,Before
South,1077,18,3001,August,2023,-28.543451471226305,83.82930743945917,Customer_510,Category_2,After
South,574,11,1671,March,2023,-9.219815280969343,135.42929217704017,Customer_457,Category_3,Before
South,934,21,4831,December,2022,74.38188247586214,80.20245622374762,Customer_546,Category_3,Before
South,602,16,4274,February,2022,-55.909184780727706,-96.53713498269848,Customer_535,Category_3,Before
West,1945,24,2171,March,2022,-89.09522053023544,74.00257619388879,Customer_539,Category_2,Before
South,1263,8,2495,November,2022,-79.18264613192937,-69.22698717965622,Customer_483,Category_1,After
North,1237,13,4726,June,2022,72.85794150242123,-92.8171258749106,Customer_975,Category_1,After
East,1305,10,1943,February,2023,26.552963671805358,-153.71870655613418,Customer_999,Category_2,After
South,1829,20,3246,August,2023,-40.85268852099478,87.85028892516362,Customer_15,Category_3,Before
South,597,6,4988,January,2023,-58.1053498179856,75.96034630193205,Customer_570,Category_3,After
West,1297,12,2449,July,2022,-37.03198740531942,-95.58018803732625,Customer_976,Category_3,Before
South,1858,15,4737,February,2022,-69.33655309476958,89.77644602069614,Customer_242,Category_2,Before
South,1358,17,3539,October,2022,79.47592385119938,150.4227179136791,Customer_949,Category_3,Before
South,934,21,4959,December,2023,51.15711138574804,-141.10957530303148,Customer_206,Category_3,Before
West,946,12,1895,June,2023,-6.769588155742667,-96.25081018076102,Customer_911,Category_2,Before
South,1831,22,3189,December,2022,65.69326892073636,90.0938858714336,Customer_270,Category_1,Before
East,748,22,2336,February,2023,-45.09752322721819,-81.17759753745183,Customer_760,Category_2,After
West,665,18,1164,February,2022,39.081702324994836,44.87903074213804,Customer_993,Category_2,After
East,1483,19,3361,October,2023,64.10384982247382,-150.7808791930628,Customer_778,Category_2,After
West,1858,10,3068,August,2023,-25.781631907810933,-17.207107522726062,Customer_704,Category_2,After
South,1519,15,2105,December,2023,46.343600181129176,86.0729119174631,Customer_846,Category_1,Before
East,1041,17,4652,February,2022,-36.88697713242431,67.14501949557092,Customer_729,Category_3,Before
West,1258,5,4202,July,2023,-36.205715653374455,113.42595624329044,Customer_114,Category_2,After
North,1629,10,4670,March,2023,-70.7297078602465,135.8827655771408,Customer_579,Category_1,After
South,580,13,2753,August,2022,-10.789551628308232,98.34606045315297,Customer_298,Category_3,After
West,632,12,4031,July,2023,41.348143169536,61.77158745801336,Customer_836,Category_3,After
North,1296,15,3352,August,2022,79.23974500283128,-168.5799029462288,Customer_482,Category_3,After
West,1399,23,2938,July,2022,18.683458547237294,12.588002427399857,Customer_396,Category_2,After
North,637,13,1370,November,2022,65.36439679243301,-166.428819030653,Customer_393,Category_2,After
South,683,21,2880,June,2022,58.04903687224086,110.90441416176816,Customer_74,Category_3,After
East,1924,16,1852,July,2022,-58.798250464449445,-64.53917119441527,Customer_977,Category_3,Before
North,1853,18,1383,May,2023,-2.552862795726341,22.474574682451532,Customer_481,Category_3,Before
West,1284,19,2931,July,2022,-68.95376360542954,-79.39968936519506,Customer_102,Category_3,Before
South,1483,20,3492,January,2022,32.78756908109429,101.70005197690568,Customer_296,Category_3,Before
North,568,24,1424,January,2022,80.98194028429367,139.1409095910849,Customer_177,Category_3,After
West,1045,5,3208,September,2022,-65.32389754582383,-36.48870208329697,Customer_214,Category_1,Before
West,552,14,4249,May,2023,42.09896354445743,130.65206166395603,Customer_966,Category_3,After
West,1973,12,1628,May,2022,23.802867156214973,-83.85299731572034,Customer_314,Category_2,Before
North,704,22,4779,March,2023,15.048906661457949,12.477932307188581,Customer_38,Category_2,After
North,625,5,1894,May,2022,-19.77835775609894,129.15411474193343,Customer_258,Category_2,After
North,542,6,3537,March,2023,-26.07630340431374,-62.68271665831546,Customer_715,Category_3,Before
East,610,5,4064,September,2022,-81.85514597660018,163.45521542811088,Customer_6,Category_2,Before
North,1260,5,3374,September,2022,-50.77643251463758,-136.1233793587019,Customer_48,Category_1,After
North,1706,13,1597,June,2023,-87.26816118837115,-173.42097489953775,Customer_537,Category_3,After
North,1347,17,4062,January,2022,14.655079004763692,145.48872692814865,Customer_160,Category_2,After
East,594,5,3336,July,2023,-70.94641754197642,-155.286480186766,Customer_868,Category_1,Before
North,1897,17,1592,July,2022,67.14349092534889,177.08011054109699,Customer_175,Category_1,Before
West,1399,24,2687,October,2023,4.165743725489747,162.5028703124782,Customer_590,Category_2,After
North,859,11,4644,October,2022,35.94418363056752,-130.67247238692457,Customer_1,Category_1,Before
West,1399,6,1572,April,2022,-16.045723468710634,13.530465249323697,Customer_894,Category_2,After
West,780,10,4425,August,2023,10.904365620188756,-113.42869291182804,Customer_454,Category_1,Before
West,1718,11,3075,June,2022,79.6786518539935,-25.864137709156864,Customer_927,Category_3,Before
East,1718,18,4001,April,2022,-75.10787286773926,-157.88695346646023,Customer_643,Category_3,Before
East,1166,22,3090,April,2022,-44.291201053734696,-99.38714839322778,Customer_275,Category_3,Before
East,592,19,2704,February,2022,50.39789884389796,-49.22179329639616,Customer_497,Category_3,Before
North,1171,6,3470,February,2022,-72.22730276112014,-22.08689991142026,Customer_628,Category_3,After
West,560,14,4669,December,2022,-76.38100129726004,171.89865295520156,Customer_675,Category_2,After
East,1133,16,1176,April,2023,-24.922548224273058,110.83163244623324,Customer_799,Category_3,Before
East,1574,21,1528,May,2023,-73.40976747496218,85.46757995230064,Customer_27,Category_3,After
North,1926,12,2633,August,2023,15.314119597116559,13.33487330711074,Customer_332,Category_3,After
East,1528,15,1965,June,2022,-49.27045485301203,122.39919381756363,Customer_0,Category_3,Before
North,1989,7,2517,April,2023,71.22563337588701,-57.843779163944006,Customer_187,Category_1,After
South,1103,10,1197,November,2022,51.03001455214621,75.20368059839379,Customer_55,Category_3,Before
East,1181,13,3657,July,2022,35.94693709790572,177.76223113614196,Customer_546,Category_3,After
South,1033,10,4648,August,2022,21.04992492921035,-66.73359278332843,Customer_111,Category_2,After
North,1928,13,3889,February,2022,65.42383146146341,62.64631255822823,Customer_797,Category_1,After
West,1337,11,1852,December,2023,-49.84882892230376,123.95335109485768,Customer_309,Category_2,After
East,1144,13,4588,July,2022,67.15959169756098,149.690730006242,Customer_35,Category_3,After
North,732,22,2537,February,2023,52.108613716329415,78.45576873843663,Customer_438,Category_2,After
West,1023,16,3069,February,2022,44.6689487497834,-77.90114756983095,Customer_728,Category_2,After
West,845,12,4183,August,2023,11.02602205348633,-62.53842543517928,Customer_591,Category_3,Before
South,1569,12,2080,February,2023,-45.67605102529198,-172.5271084353729,Customer_825,Category_1,Before
North,1045,22,4137,November,2023,-13.761375121458656,93.91895196174346,Customer_594,Category_1,Before
West,1601,24,3889,September,2023,52.842717816984276,-164.6137418176975,Customer_576,Category_2,Before
East,1596,19,1097,December,2023,-84.2798728156816,131.27484765698847,Customer_324,Category_3,After
East,1293,11,4215,January,2023,50.769138467476495,-137.28217878916604,Customer_639,Category_2,After
South,748,15,2903,September,2022,-46.78726671223803,-118.12445563106726,Customer_306,Category_2,After
West,546,24,1434,January,2023,-64.02434387011145,-8.450470500394573,Customer_533,Category_2,Before
North,1644,20,1636,October,2022,-69.17376272754561,85.63694946074725,Customer_727,Category_3,Before
East,713,8,4750,October,2023,-85.09499784885328,-129.95920612833203,Customer_618,Category_3,Before
West,738,10,4157,February,2022,4.245567339861523,-21.574412976060557,Customer_108,Category_1,After
West,1579,7,1587,June,2023,-50.713222915128696,-6.173541212362267,Customer_371,Category_3,Before
South,849,13,1343,June,2023,88.09771784033367,-103.57716899930712,Customer_356,Category_2,After
East,606,14,2317,January,2022,13.398616056997042,-138.39898439497256,Customer_180,Category_2,Before
East,1330,18,2979,July,2023,-65.18065151591813,121.11153227483021,Customer_355,Category_1,After
North,547,15,1570,August,2023,33.97725734604576,0.8876339145955967,Customer_675,Category_3,Before
East,836,22,4721,February,2023,71.59384197175055,-174.82275504570492,Customer_67,Category_2,After
North,1549,16,1610,August,2022,44.132309166530575,109.0732684712774,Customer_291,Category_1,Before
East,1303,16,2727,September,2023,-76.24082501289942,173.08576994925056,Customer_691,Category_1,Before
South,1780,17,3290,June,2022,71.25915261467873,38.13343034912904,Customer_180,Category_2,After
East,507,17,2854,May,2023,52.90728945479367,1.335019350265469,Customer_465,Category_2,After
North,1124,23,3608,December,2023,-61.50529798098942,136.2297106961862,Customer_433,Category_3,Before
North,1776,23,1959,September,2022,-80.67854002809297,162.90604428645548,Customer_463,Category_1,After
South,1218,18,3079,December,2023,10.315903556575535,91.6332897248858,Customer_680,Category_2,Before
East,802,8,3438,November,2023,-61.91355395880416,-19.636945295656375,Customer_913,Category_1,After
East,1138,17,3324,September,2022,60.226371467148965,33.19970375931857,Customer_533,Category_3,Before
South,555,12,1531,January,2023,-25.49976179909872,72.33673140647971,Customer_65,Category_2,After
East,1225,23,2177,November,2022,74.32064005258357,-110.06151443935148,Customer_20,Category_3,Before
East,1025,16,3430,March,2022,11.823870985381035,-19.007628402082304,Customer_611,Category_1,Before
North,973,22,2091,September,2022,-57.11897083685974,118.73565529822258,Customer_383,Category_3,Before
East,527,10,2901,November,2023,-64.87220387523598,55.70112545943948,Customer_811,Category_3,After
East,577,22,1883,February,2022,13.765038760395697,-31.966535803732512,Customer_614,Category_1,Before
South,1739,23,3261,December,2022,47.1390501352399,58.81051224528528,Customer_558,Category_3,After
South,1909,9,2678,April,2023,50.67101659359278,-137.43993165391444,Customer_38,Category_1,After
West,864,13,3423,April,2022,-40.363667200569374,-35.46086019664452,Customer_284,Category_2,After
North,1165,7,3791,February,2023,-53.235583395809854,105.52627366670032,Customer_821,Category_1,Before
East,1025,14,3260,March,2023,-86.98386519137117,-100.61683663080672,Customer_601,Category_1,After
East,1198,23,3126,March,2023,32.25584721621048,-113.05385727932963,Customer_596,Category_2,After
West,1835,7,2749,January,2023,-76.21771348196299,162.2947175699153,Customer_784,Category_1,After
East,1382,19,3675,June,2022,-14.262983682133353,-104.43685334895694,Customer_335,Category_2,Before
North,1530,5,3651,August,2022,18.3027895232933,-86.0693113259395,Customer_187,Category_2,After
West,1526,11,1781,December,2022,78.67961008554187,169.06173800556166,Customer_670,Category_1,After
North,1418,16,4994,March,2022,-33.87561534796164,84.49508529540924,Customer_242,Category_3,After
West,1249,21,4452,May,2022,-45.04101075962644,71.85475188847016,Customer_72,Category_3,After
West,862,24,4048,January,2023,27.748827771497716,127.05349818764927,Customer_478,Category_2,Before
South,1797,9,3727,October,2022,21.4630257696447,-138.30369039475406,Customer_973,Category_3,Before
North,1305,8,3105,July,2022,-30.220239004537575,74.14424516880257,Customer_560,Category_3,After
East,1238,16,4867,October,2022,77.05833039176159,1.3278993581660075,Customer_100,Category_1,After
East,1538,24,4097,January,2023,62.07521894813391,118.49423050229035,Customer_513,Category_2,After
North,1715,22,1880,December,2023,-49.68314174428539,2.931018719469961,Customer_755,Category_2,After
East,984,21,1446,November,2022,-46.954341821785825,43.286887536808365,Customer_175,Category_1,Before
East,527,23,3113,September,2023,2.2140624396745068,-8.012834496167045,Customer_237,Category_3,Before
North,1213,13,4992,August,2022,49.24297831152967,-7.862787519896131,Customer_909,Category_2,Before
West,1562,8,2783,July,2022,-82.07273171007641,96.46919210225934,Customer_58,Category_3,Before
North,1796,6,2277,October,2023,34.80032767224721,46.28390423302196,Customer_864,Category_2,After
West,1754,8,4970,July,2023,26.682461528777452,47.97475257938774,Customer_98,Category_2,After
East,585,6,2991,May,2022,-48.33358273566212,-17.898305820650705,Customer_953,Category_2,Before
East,1997,19,2067,May,2022,32.64354238344278,11.19941868150994,Customer_870,Category_2,Before
East,625,6,4168,November,2023,79.23297442537486,88.45835983372342,Customer_953,Category_3,After
South,1311,8,2577,May,2022,-81.57854790508166,117.33873088029054,Customer_494,Category_3,After
West,1036,10,2011,January,2023,-32.462630047428746,70.76210477185663,Customer_946,Category_3,After
South,644,11,3274,August,2022,-11.128191000056049,152.66627598444592,Customer_979,Category_3,After
South,1735,14,1773,December,2023,71.86686460644412,115.31667173299235,Customer_513,Category_1,After
North,524,23,3726,November,2022,83.2070603896482,22.270964331426654,Customer_754,Category_2,Before
South,1917,23,4507,January,2022,-10.05925563066019,61.70618615174527,Customer_296,Category_2,Before
North,566,16,2814,April,2023,45.00511418559441,153.47097969163053,Customer_210,Category_2,After
North,732,7,3648,September,2022,5.6989842776069395,42.90049592750103,Customer_122,Category_1,After
South,608,17,3426,September,2022,6.800928253447765,116.93050127273904,Customer_228,Category_3,Before
West,1669,22,2201,May,2023,-39.94208728805584,67.97178129239535,Customer_593,Category_2,After
West,610,12,2450,April,2022,-50.94787574450169,18.69708998176793,Customer_655,Category_3,Before
West,727,19,4986,March,2022,-38.15903773367259,-92.93824965047288,Customer_387,Category_3,Before
West,610,5,3756,March,2022,10.13904130627428,-26.640892991365888,Customer_139,Category_1,Before
West,1993,7,1306,December,2023,-84.75206651602397,168.38741694013765,Customer_540,Category_1,Before
South,533,12,1778,May,2023,73.30480998415305,56.795537978136025,Customer_390,Category_3,After
South,1122,8,3551,October,2023,-61.86893228104028,23.182336922036257,Customer_269,Category_2,After
East,1892,20,3315,January,2022,-50.38403816315042,155.86438519016184,Customer_758,Category_2,Before
West,1247,14,4657,May,2022,3.2897117605763384,31.144241173481532,Customer_11,Category_1,After
South,1094,16,1007,June,2022,37.82065794071028,9.389706630265067,Customer_866,Category_1,After
East,924,18,4991,July,2022,-72.76877014600848,93.35190785407389,Customer_388,Category_1,After
West,1112,18,3555,December,2023,-32.81495444151081,76.559622835156,Customer_336,Category_1,After
North,1191,6,1475,September,2022,84.36142900338427,-110.46239697296421,Customer_505,Category_1,Before
East,1805,9,2320,March,2022,-42.778265979429776,-10.329021153316376,Customer_105,Category_1,After
South,1843,9,3211,February,2022,-33.65097388863356,-9.894440584949308,Customer_31,Category_1,Before
North,1966,10,1484,March,2023,60.569728311246024,-43.839174512395886,Customer_73,Category_2,Before
North,814,17,4668,December,2022,-80.96140229571806,6.225653574811133,Customer_170,Category_1,After
North,1376,13,4143,September,2022,-6.369629614385246,-31.281336818228084,Customer_848,Category_1,Before
East,1900,19,3614,December,2022,-21.668982398699356,-108.23562379037408,Customer_68,Category_2,After
South,1812,18,1904,July,2022,-33.014383216442795,-31.54806458111483,Customer_812,Category_2,After
North,1960,11,1558,September,2022,-38.57407307194239,-153.9802988736564,Customer_361,Category_3,Before
West,1161,24,4982,February,2023,-73.55266112512635,27.282910598788163,Customer_648,Category_1,After
North,776,6,2967,May,2022,-33.33135071670321,127.31563761880028,Customer_432,Category_1,Before
North,1123,11,3285,April,2022,-82.25056751117965,81.1033503676399,Customer_928,Category_1,Before
East,1015,10,2127,February,2022,50.57349545599834,-50.258145580519965,Customer_995,Category_1,After
East,1873,21,2233,September,2022,-18.318997087557904,-148.65436599216906,Customer_99,Category_3,After
South,1342,6,3601,September,2022,-10.09731018241591,-107.22621627890253,Customer_657,Category_2,After
West,1969,7,3875,June,2022,70.84702556102368,16.37652257814085,Customer_8,Category_2,Before
East,849,9,1467,November,2022,28.449897095019736,-105.45944998210817,Customer_573,Category_1,After
North,1322,9,4525,June,2022,-88.54936139841844,15.8303200625883,Customer_696,Category_1,Before
South,1660,5,4339,August,2022,79.7714681330313,-96.62435108499639,Customer_28,Category_1,Before
North,1258,12,3433,June,2022,-47.31399612401198,125.6125930113862,Customer_892,Category_3,After
North,1398,16,3822,January,2023,-70.6294467432254,-36.98226977743451,Customer_113,Category_3,After
East,742,8,1847,April,2023,48.26307210855879,-91.60177465998322,Customer_461,Category_2,After
South,1042,17,3434,July,2023,0.0859168560092769,112.43742488894219,Customer_920,Category_1,Before
West,1563,19,3924,February,2023,-11.921298116756844,-56.57797267003774,Customer_142,Category_1,After
West,728,15,1258,September,2022,-45.08944565710648,-139.8644323780385,Customer_389,Category_1,Before
East,1047,14,1282,August,2023,8.54486817521736,25.34741690531098,Customer_631,Category_1,After
East,1419,7,2649,August,2023,-40.61077106353426,29.363113597675948,Customer_681,Category_3,After
South,1746,18,2898,July,2022,72.28494095167216,77.29044308486431,Customer_156,Category_2,Before
West,505,20,1039,April,2023,-51.2631936480253,-93.5210040449812,Customer_334,Category_2,Before
West,1845,14,3533,February,2023,69.18392708203564,-20.24231792679177,Customer_860,Category_3,After
West,967,14,3976,March,2022,10.69297663092425,-78.34754914464375,Customer_259,Category_1,After
North,574,16,3267,December,2022,59.12786410114339,-150.85665499835227,Customer_81,Category_2,After
West,503,13,4200,June,2022,38.312279254971884,135.58097772572097,Customer_753,Category_2,After
North,1145,5,2014,December,2023,35.40512005861474,82.39312961580282,Customer_440,Category_3,After
South,617,9,4071,December,2023,-31.617754614889968,-71.47329859483175,Customer_944,Category_1,Before
North,1380,24,4591,May,2022,-47.89855233500337,35.774277433915074,Customer_171,Category_2,Before
South,1003,12,1612,December,2022,-52.04047901745814,-107.54503627158992,Customer_230,Category_1,Before
West,1446,15,3975,August,2023,64.29449827072597,140.48518384647753,Customer_719,Category_2,Before
West,1073,16,2915,June,2022,57.67682764662359,-138.63371638971228,Customer_74,Category_3,After
South,1964,5,1687,June,2023,-10.69676495778468,-178.61862761719166,Customer_269,Category_1,Before
East,693,24,4690,January,2022,-66.16716957063818,0.7229511861055755,Customer_898,Category_3,Before
South,1346,15,1612,April,2022,-21.19459464405749,29.92601644303295,Customer_625,Category_2,Before
East,1214,9,3307,May,2023,21.48182174464405,28.427515306489568,Customer_61,Category_3,After
North,1915,19,4037,December,2022,-8.207432193608497,-160.37570612238252,Customer_873,Category_3,Before
North,1549,9,4013,November,2022,50.4340683269391,-66.9442295093643,Customer_319,Category_3,After
North,1958,16,3413,March,2022,89.57210800524939,-0.2883791371205575,Customer_101,Category_2,Before
West,672,9,2781,September,2023,-55.59622407919857,-102.03149317419329,Customer_428,Category_1,After
North,1823,21,2810,January,2022,-7.262852461276964,134.1453187749227,Customer_873,Category_3,Before
East,825,21,3591,June,2022,-12.42289765425204,-148.64065579388375,Customer_721,Category_1,After
North,1933,16,3696,June,2022,-35.191344105188854,-4.541600998064581,Customer_953,Category_2,Before
South,1641,19,2547,October,2022,-54.342806990347874,68.90978070473474,Customer_254,Category_1,After
South,1335,19,2930,May,2022,-78.17541903186134,-85.76960395158632,Customer_531,Category_3,After
West,1223,10,3861,December,2022,69.68147710026571,44.72666531910653,Customer_569,Category_3,Before
South,724,16,4958,May,2023,-14.427234416462824,118.57865405125483,Customer_111,Category_3,After
East,1031,24,4087,October,2023,-0.5588066699911991,-111.47868896578288,Customer_984,Category_3,After
North,612,22,2152,May,2022,75.04956867616485,150.19941305695062,Customer_312,Category_3,Before
West,639,18,1574,June,2023,49.7322859528706,19.28107175844889,Customer_997,Category_3,Before
North,1058,6,4180,August,2023,-66.50977245890684,-72.2764784516182,Customer_460,Category_2,After
North,500,13,2910,February,2022,11.775594169393628,-24.891020862382533,Customer_707,Category_2,Before
East,589,9,2012,June,2023,-10.394590226479352,-67.61092183690033,Customer_886,Category_2,Before
South,1153,24,4604,January,2023,53.49799306417731,81.04001757599377,Customer_461,Category_1,Before
South,819,5,1669,April,2023,40.36185857015087,106.6682388294476,Customer_864,Category_1,After
North,638,7,1268,October,2023,34.27302994399295,119.85746123471796,Customer_91,Category_2,After
West,1344,10,4233,March,2023,-28.70192961361856,174.87656985086682,Customer_51,Category_1,After
South,758,9,2283,September,2023,54.89347147186581,104.86234529880608,Customer_804,Category_1,After
West,1401,9,1923,March,2023,-80.56956679292497,36.4982654478828,Customer_519,Category_3,After
South,1189,5,2125,June,2023,-61.2675177422099,-57.880692578957834,Customer_811,Category_3,After
West,509,21,2529,January,2022,-29.58781086397589,16.054361535869788,Customer_97,Category_1,After
East,760,23,2758,December,2022,-76.17466060752938,-165.21545779545406,Customer_235,Category_1,Before
West,671,18,2594,June,2023,-47.70103004375551,88.13702719076872,Customer_900,Category_2,After
East,1397,16,1246,April,2023,59.42717693962527,-19.456003766843367,Customer_373,Category_1,After
East,512,14,4711,August,2022,80.68527680221428,-172.79163729641246,Customer_580,Category_3,Before
West,1691,24,4866,November,2023,-35.17157596064571,-157.4975010562521,Customer_926,Category_1,Before
East,820,22,4908,September,2023,-42.38715528200912,-40.51207302416762,Customer_556,Category_2,Before
North,1842,15,2560,April,2022,-39.619322595643155,30.031746846636622,Customer_648,Category_3,After
East,828,6,3178,October,2022,-40.01056427684811,-12.8865783772344,Customer_233,Category_3,Before
South,1284,22,3400,December,2022,-83.53256720652486,42.913554225175744,Customer_31,Category_3,After
West,1276,11,3243,October,2023,76.84494233959947,-7.094066835111903,Customer_288,Category_3,After
North,1410,19,4864,June,2023,-51.53433451734089,58.21338437328484,Customer_637,Category_1,After
West,1942,15,2939,January,2022,-14.399266665347113,-101.11461671851168,Customer_578,Category_2,Before
South,1618,22,1929,April,2022,-88.2563611066258,-139.37645261389628,Customer_541,Category_1,Before
South,817,16,4737,July,2023,64.4319163647103,34.71622366523758,Customer_113,Category_1,After
South,735,10,4453,December,2022,41.608322001885085,-5.5117739029293205,Customer_203,Category_3,After
East,833,24,4069,January,2023,80.41608633126657,-170.32764454382328,Customer_28,Category_2,After
East,875,17,3692,August,2023,50.69078625535184,-43.026521222507085,Customer_642,Category_3,Before
West,1982,24,1226,December,2022,-33.53282783062826,-141.79478922324162,Customer_473,Category_1,After
West,1660,20,3748,October,2022,-45.382795428883746,11.288459430970278,Customer_696,Category_1,Before
North,1087,22,4547,December,2023,35.588935359592725,-37.52003532224492,Customer_252,Category_3,After
North,1012,14,4548,November,2022,-24.459700498110095,40.73468799708644,Customer_797,Category_1,Before
West,1819,12,1264,June,2022,11.918702835470981,110.01679875728581,Customer_904,Category_1,After
East,1843,22,2395,May,2022,-88.87365521523536,-72.1192738170633,Customer_921,Category_3,Before
South,1417,5,4557,October,2022,-78.86057369751445,166.35675749940992,Customer_385,Category_1,Before
West,1872,12,2457,November,2023,6.366229412697223,12.828420211526804,Customer_61,Category_2,Before
North,1372,10,1645,September,2023,11.892896360669724,42.584687551723675,Customer_514,Category_3,Before
East,1752,9,3258,February,2023,45.261530002681866,65.04205436126534,Customer_429,Category_2,Before
West,769,19,4643,May,2023,-66.24624246768688,60.02335074873233,Customer_579,Category_1,Before
West,1297,19,4448,June,2022,2.3729550762201796,3.949467496222354,Customer_536,Category_1,After
East,1814,6,2418,July,2022,-54.99942400229605,-25.64485519871394,Customer_690,Category_3,After
West,1224,5,2473,May,2023,-73.22469847871496,-160.63849289614396,Customer_140,Category_1,After
East,1688,15,3990,September,2023,-16.110757069100174,-172.0490956915753,Customer_742,Category_3,After
South,504,14,2387,January,2022,-60.5994033439697,-51.133969968204724,Customer_299,Category_3,Before
East,1350,22,2899,July,2023,-50.079243925382656,-59.882079371870645,Customer_674,Category_3,After
East,1902,22,3504,October,2023,-32.840175623489685,-40.429744257957566,Customer_310,Category_3,Before
East,577,21,3772,July,2022,-43.31008786622468,-130.18744768025158,Customer_470,Category_3,Before
West,1933,12,4799,April,2023,-74.23356646692964,85.74057739326372,Customer_392,Category_2,Before
West,1073,19,2249,September,2022,-73.81507592525358,128.507189319446,Customer_641,Category_3,After
East,631,12,1981,December,2022,-55.21510525784973,157.9372687346526,Customer_444,Category_2,Before
West,1100,21,2154,November,2023,-80.89934616728299,-2.7495707329347,Customer_757,Category_1,After
North,1565,16,1587,May,2022,22.762263541846878,72.31165168515432,Customer_808,Category_3,After
North,588,12,1475,April,2023,-38.28119102839765,127.99840443691409,Customer_171,Category_1,After
West,901,18,2821,July,2022,-39.64572580156722,-29.41520000634506,Customer_575,Category_3,After
West,795,8,1985,April,2023,-30.24030703720227,-68.61139384664003,Customer_30,Category_2,After
East,1818,5,4348,March,2023,29.303329357749902,157.22084010725644,Customer_46,Category_2,Before
South,1115,5,3203,September,2023,66.71409866702828,5.64355838774631,Customer_129,Category_2,Before
West,1299,23,4831,November,2022,46.63564786001493,-0.988600827283932,Customer_351,Category_1,After
North,921,20,2241,August,2022,40.95526144051709,-115.77020523714152,Customer_977,Category_3,Before
East,1546,18,1189,January,2023,-2.809586591847136,-141.06419475359158,Customer_844,Category_1,After
West,1074,20,2440,July,2022,34.88500025413411,123.1584704940642,Customer_621,Category_2,Before
North,642,9,1980,September,2023,9.49722624604496,41.0879434275065,Customer_580,Category_1,Before
North,1492,13,2698,August,2023,-51.0749049264248,-62.70314975299847,Customer_57,Category_2,Before
South,1164,6,2715,August,2022,-52.45409380661087,-110.97496173950407,Customer_105,Category_2,Before
East,644,22,3593,June,2023,-36.64943876244898,19.979020861067312,Customer_811,Category_2,Before
East,1748,10,1040,November,2022,73.94448077456639,30.210944134008713,Customer_329,Category_3,Before
South,1506,13,3354,April,2023,8.534671268350664,-105.48230355177905,Customer_767,Category_3,Before
South,1002,5,1942,August,2022,42.10296786033649,126.50606924093063,Customer_823,Category_2,Before
East,1320,13,1337,March,2023,-27.61942323302143,-149.6648281838936,Customer_682,Category_1,Before
East,603,20,2337,September,2023,-16.611161280259452,-51.806489340088206,Customer_382,Category_1,Before
West,1562,17,2098,February,2022,-67.39819584529475,64.93838895450796,Customer_984,Category_3,Before
West,697,13,4000,February,2023,-59.166907592099335,-81.31666902508775,Customer_161,Category_2,Before
South,1078,17,3326,December,2023,58.924179868706204,117.96307012125789,Customer_996,Category_1,Before
West,890,13,4247,December,2022,15.27095370399877,86.35241757614529,Customer_285,Category_2,After
North,1702,15,1895,July,2023,-29.244156140912594,104.04822403732834,Customer_70,Category_1,Before
West,1053,8,4733,December,2022,54.51321761919829,-137.12164708438215,Customer_766,Category_3,Before
West,1971,6,3320,October,2023,-45.62641698516306,-129.40303392160456,Customer_453,Category_2,Before
North,1538,10,3884,April,2022,85.6858857480367,-76.8694544119499,Customer_885,Category_2,Before
South,1812,18,3667,October,2023,-27.932830605689446,6.507779471121978,Customer_566,Category_1,Before
North,977,8,2674,August,2023,-29.284028252779038,89.28578761178488,Customer_834,Category_1,Before
West,1754,10,3909,September,2023,-33.85585700339306,121.15112067392528,Customer_396,Category_1,After
South,1422,23,4854,July,2022,-68.01992713362817,73.56071374458497,Customer_514,Category_2,After
West,919,10,4930,May,2022,-69.99531348023777,154.2948773510298,Customer_25,Category_3,After
North,656,6,1930,August,2022,26.658906216142213,85.94766346173492,Customer_312,Category_3,Before
North,1049,22,1288,April,2022,67.52124802044847,-69.7435606783387,Customer_125,Category_1,Before
West,1964,17,1723,February,2023,52.29369184890123,-84.57073763811387,Customer_407,Category_3,Before
East,1620,13,3940,November,2023,-64.60063307615681,70.62928210839237,Customer_564,Category_1,After
East,1520,23,3319,December,2022,8.204781922571954,-110.56659527173886,Customer_197,Category_3,Before
North,1496,17,2953,June,2022,-70.9935217242048,-146.62266810830283,Customer_810,Category_2,Before
North,1934,15,2089,September,2022,-81.84696414964606,11.600234948229797,Customer_187,Category_1,After
East,1450,5,1482,January,2023,28.149454689258107,115.79096512042389,Customer_697,Category_3,After
East,788,11,1935,November,2022,6.327420062463062,-143.50325671084914,Customer_816,Category_2,Before
West,1777,19,3295,October,2022,-75.23573666193525,105.0808765664625,Customer_809,Category_3,Before
West,695,5,1155,December,2023,-83.71093564692208,112.1659215665573,Customer_715,Category_2,Before
East,1097,16,2070,July,2023,88.15615441368024,-6.381359970644326,Customer_483,Category_2,Before
West,1016,11,2958,October,2022,-84.59616021316707,-159.36828839622476,Customer_449,Category_3,After
West,1364,19,3501,September,2023,-9.98491445097126,-117.1476535510129,Customer_522,Category_3,Before
South,1641,23,3248,October,2022,0.8314244293852084,74.67345905829563,Customer_870,Category_2,Before
West,1305,5,2683,September,2023,-68.8895733959199,76.24006019674181,Customer_353,Category_2,After
North,1682,21,1123,October,2022,-59.56887988085107,143.4078990603595,Customer_985,Category_2,Before
West,1314,21,3048,November,2022,-26.67509884613655,29.767012759649816,Customer_657,Category_1,Before
West,727,7,1967,March,2022,47.10165771845928,-135.32134762304014,Customer_596,Category_2,After
East,715,16,4830,November,2022,1.2748363308480037,-136.29063401821003,Customer_99,Category_1,After
North,1447,10,1854,May,2023,24.822337419533085,79.60764864845652,Customer_615,Category_2,Before
West,514,15,1639,August,2023,87.33141991632147,-113.83752056115559,Customer_947,Category_1,After
West,1680,7,3238,August,2023,48.240978356377724,-61.78122013802208,Customer_557,Category_2,After
South,1784,12,2602,April,2023,-11.814930334580808,-4.603677508110991,Customer_555,Category_2,Before
West,1680,18,3563,December,2022,-9.640454076621225,-171.08464407258558,Customer_277,Category_2,After
West,546,18,1441,November,2022,21.378973867380907,-90.42515027282452,Customer_692,Category_3,Before
South,823,14,2944,November,2023,29.765737515402776,-33.15974093737918,Customer_698,Category_3,Before
East,1343,6,2838,January,2023,0.12796665060083967,-79.33092534244575,Customer_989,Category_2,Before
West,629,18,2829,January,2023,26.075020106696385,-130.9066821116763,Customer_625,Category_1,Before
South,1934,13,3190,April,2023,-85.76415100546222,82.08441280663106,Customer_490,Category_1,After
North,594,7,4262,June,2023,-12.667884498568057,112.7331558604746,Customer_254,Category_2,Before
East,1126,12,1532,August,2022,-39.79114630677418,-87.30756858825906,Customer_380,Category_3,Before
North,1254,20,3274,June,2022,-66.74859985624013,98.79101805826917,Customer_891,Category_1,Before
North,1815,6,2336,December,2022,-72.08162769442048,-41.20071681552702,Customer_541,Category_3,Before
South,1293,10,4700,September,2023,18.57458981064015,2.4068847074410087,Customer_263,Category_1,After
West,1806,16,1948,September,2023,4.248098487470116,128.16038696153498,Customer_609,Category_2,After
South,568,9,4373,February,2023,-44.35485894065355,89.98332544886682,Customer_824,Category_3,After
South,510,6,4725,October,2023,-5.228989420947386,109.84206647382399,Customer_878,Category_1,Before
South,1777,20,3019,January,2022,-1.3981832671665018,-130.73574002891155,Customer_328,Category_2,After
South,1371,9,1459,February,2022,-54.898383521049155,-154.9010066998574,Customer_114,Category_2,After
East,1049,19,4472,May,2023,27.376751138697117,141.62570247167537,Customer_275,Category_2,Before
West,1657,16,1550,April,2022,50.565484149496285,-40.37966295440603,Customer_487,Category_3,After
North,1211,8,1392,April,2022,52.4634373601134,-76.36331589491489,Customer_280,Category_3,Before
North,522,19,4938,September,2023,18.444569526621905,80.89065153425679,Customer_274,Category_2,After
West,1314,15,2787,November,2023,2.0949448534225326,121.10961476874837,Customer_772,Category_3,After
North,845,20,1844,August,2023,-79.01871425902891,130.49626388338834,Customer_842,Category_1,After
West,801,10,4278,June,2023,-38.19036620671095,-66.24102919491816,Customer_718,Category_2,After
North,862,18,3257,January,2023,-73.21113957992942,126.79646083260263,Customer_895,Category_2,Before
South,895,22,2138,February,2023,83.48816895812524,-165.26378002523566,Customer_327,Category_3,Before
North,717,16,4808,June,2022,-65.68557367936307,-162.12186307450122,Customer_210,Category_2,After
West,640,15,1645,November,2022,-62.68042622680163,44.46691026269559,Customer_726,Category_1,Before
West,1457,17,4322,February,2023,70.1237912994886,-157.28170711840335,Customer_922,Category_3,After
West,1733,15,3266,October,2022,79.90709102576241,-63.140699336341854,Customer_551,Category_3,After
West,1484,20,3454,May,2023,47.849227062283774,62.19215504889263,Customer_991,Category_2,After
West,1492,19,2466,May,2023,-89.02711373891943,-58.58391742047853,Customer_25,Category_2,After
East,1327,19,4674,June,2023,-89.75767122781853,-115.34407868156546,Customer_26,Category_2,After
East,1182,8,2377,June,2023,-21.941861438258854,-78.71377613261701,Customer_701,Category_3,After
North,1983,15,3935,June,2022,-64.18883339803935,-15.272880389844545,Customer_82,Category_2,Before
West,1503,23,3605,February,2023,-86.69049441271248,-8.861092072026338,Customer_895,Category_1,Before
North,855,19,3597,October,2022,-6.467995907189163,101.88008328499274,Customer_945,Category_2,After
West,1507,8,1141,March,2023,79.75114153325487,90.05516259534448,Customer_681,Category_2,Before
West,1847,17,3659,June,2023,-31.712476517562344,-15.545590359791333,Customer_412,Category_3,After
East,1656,23,1500,August,2023,29.005322117165377,124.44024567555772,Customer_166,Category_2,Before
East,1387,6,1839,December,2022,27.40236356383933,-138.87463010709752,Customer_699,Category_3,Before
South,626,18,3749,November,2023,-44.8055813402698,-88.07279391759546,Customer_168,Category_2,Before
East,1629,8,4618,December,2023,27.07654478829558,118.07152686081054,Customer_800,Category_1,After
South,1508,20,2682,January,2023,-51.77988462835957,-43.92214609458489,Customer_978,Category_1,Before
South,1103,24,2565,January,2022,-68.03866555615997,173.22536116578317,Customer_228,Category_3,After
South,1901,18,3046,November,2022,36.24899140074422,-12.148818649979262,Customer_978,Category_3,After
South,1513,19,4917,February,2022,-69.58065292129498,105.09682426695508,Customer_608,Category_2,After
South,550,7,2530,November,2023,89.44365934608396,-35.169465102346095,Customer_366,Category_2,Before
North,1552,12,1595,December,2022,-56.97856779295872,-27.01673313752505,Customer_527,Category_1,Before
East,1985,20,2904,December,2023,16.94553529616236,-42.16206697769394,Customer_790,Category_2,Before
South,1819,14,1280,June,2022,-15.952577145733912,78.86722338389222,Customer_646,Category_1,After
West,1820,8,1423,September,2022,-67.25044396697992,17.106438261598015,Customer_537,Category_3,After
East,1278,22,3903,April,2023,-84.98809663606559,159.76012009261285,Customer_863,Category_2,Before
East,1930,6,1269,March,2022,22.091810812709994,-89.67948604772229,Customer_523,Category_3,After
South,1313,21,1153,December,2023,55.216361482042686,-143.79741644996002,Customer_71,Category_2,Before
North,1928,17,3661,August,2023,61.56281907121391,-38.425865364282515,Customer_644,Category_1,Before
South,1869,8,2750,November,2022,-3.1115748461517967,42.01657475283935,Customer_105,Category_3,Before
North,919,15,1661,October,2023,49.941984092829415,129.8876172895782,Customer_731,Category_3,Before
West,1705,11,2967,September,2023,31.112484027938052,-55.36912079508204,Customer_884,Category_2,After
East,1482,16,1082,December,2022,40.36581494984398,55.36323040480619,Customer_964,Category_3,Before
West,1324,14,4693,November,2022,-1.3321790600734573,-53.92847483164114,Customer_688,Category_1,Before
North,1524,11,3994,May,2023,24.014113243582884,42.19904987800493,Customer_281,Category_3,Before
North,1066,17,3946,September,2022,54.994664443690255,138.53086093103434,Customer_132,Category_3,Before
West,870,11,2449,February,2023,-18.380848399735854,-96.71124878661276,Customer_533,Category_2,Before
North,1435,21,2298,March,2023,55.07620215616507,-34.47300884146591,Customer_974,Category_3,Before
West,1160,14,4784,July,2022,16.56303170203131,177.57547071470873,Customer_268,Category_2,Before
East,1954,14,3331,July,2022,-60.137815613258475,132.68053016980588,Customer_411,Category_2,After
West,1468,8,1979,June,2022,-85.55685169957476,23.2703488426327,Customer_672,Category_3,After
East,1832,24,3220,June,2022,-24.704351928152633,5.985933067539122,Customer_618,Category_1,After
West,1660,8,4398,February,2023,8.40533909334117,-77.54386237031484,Customer_790,Category_2,After
North,701,11,4789,October,2023,61.167663396627916,6.19539396967059,Customer_864,Category_3,Before
West,1959,5,4134,June,2022,-67.05257757475569,125.34533938078096,Customer_746,Category_2,After
North,812,16,4144,April,2022,54.03714258304424,66.66282478000099,Customer_17,Category_1,After
West,616,17,3810,December,2023,65.34162829210086,-75.58414985592484,Customer_753,Category_1,After
West,1436,14,2659,March,2023,-62.87625233984992,-107.47298842072814,Customer_116,Category_2,Before
South,1074,19,2398,November,2023,63.286977474759425,-84.52492668114152,Customer_797,Category_1,After
North,743,17,1632,February,2023,88.46164221170255,-118.88668749858246,Customer_793,Category_3,After
South,1036,13,2531,January,2022,40.83098958868277,-145.56934943146226,Customer_143,Category_3,Before
North,574,13,1786,November,2023,51.258542728497844,-29.11097720086022,Customer_716,Category_2,After
South,885,19,3990,November,2023,88.99474816059723,-139.21214241662364,Customer_550,Category_1,Before
East,1733,14,4059,May,2022,18.98662509467016,-118.11147921824244,Customer_928,Category_3,After
West,974,14,1397,February,2023,-34.58045123707511,17.036886362215,Customer_665,Category_3,Before
North,917,12,2143,February,2023,60.75555013369001,-120.7442614681531,Customer_687,Category_3,After
North,846,20,1933,July,2022,20.607439952093628,-157.00328372487496,Customer_960,Category_2,After
West,1139,21,2460,August,2022,14.615176269772178,-65.74001398996133,Customer_752,Category_2,After
North,1438,9,2852,October,2022,-44.34560000747311,-100.68512449609169,Customer_421,Category_3,Before
North,1454,8,3723,August,2023,46.1401685249196,5.50986767797562,Customer_897,Category_3,After
South,1375,22,3983,April,2023,-75.29989034518267,-143.14784955004464,Customer_368,Category_1,Before
North,1262,23,3512,January,2022,76.37167274303903,90.63748356587212,Customer_645,Category_1,Before
East,1702,8,1285,November,2022,-31.351777061312745,146.2440669966499,Customer_557,Category_1,Before
East,1705,11,1264,July,2023,-67.00056249780172,87.63666262422998,Customer_49,Category_2,Before
West,1163,14,3367,January,2022,-10.37402404156461,11.817733464501941,Customer_677,Category_3,After
North,524,22,3720,November,2022,-82.35541633382402,129.84041584399864,Customer_105,Category_2,After
West,1703,23,4447,April,2022,33.23271496769394,70.1706167213427,Customer_215,Category_3,After
East,1209,8,3867,August,2023,72.48699188016411,-176.20159591793166,Customer_657,Category_1,Before
North,1684,14,3136,February,2023,60.70734128493157,-38.12754500117887,Customer_922,Category_1,After
North,676,5,2677,June,2023,-67.0734947793814,126.34268378644799,Customer_424,Category_1,Before
West,784,22,2226,June,2023,-67.27119532060826,-55.49081112890306,Customer_71,Category_1,Before
East,562,9,1820,December,2023,56.41820681836754,-167.32253753081153,Customer_987,Category_3,Before
North,1502,19,2762,September,2023,76.36576942856087,88.62466987881805,Customer_841,Category_1,After
West,1161,21,4048,May,2022,-7.079430629971952,108.73377730183267,Customer_784,Category_3,After
East,1165,7,3381,October,2023,-0.18519895552212517,-122.18626978440892,Customer_758,Category_3,Before
West,655,16,3269,April,2023,-32.71283255056934,13.442578863545236,Customer_445,Category_2,After
South,1992,6,1040,May,2022,70.96772128615453,-110.89604196153873,Customer_924,Category_1,After
North,1572,5,2731,December,2023,26.082522952624075,78.92439085589285,Customer_185,Category_1,Before
South,1466,21,1067,December,2023,-38.11471610987367,-82.24183613610516,Customer_69,Category_2,Before
East,1348,20,1987,October,2022,-36.21908321023471,-66.16255587720117,Customer_973,Category_3,After
South,1607,9,2799,November,2022,70.41601315144842,124.18950731043651,Customer_149,Category_1,Before
South,1884,19,3561,May,2022,-87.54587569695214,-8.523953205514431,Customer_245,Category_3,Before
East,1188,7,4944,August,2023,-31.909216909205085,61.11160243856921,Customer_773,Category_2,After
West,647,11,4708,October,2022,9.784202618946424,-35.14570173991166,Customer_537,Category_3,After
South,841,15,4693,December,2023,-63.32085682212157,-72.71753141024806,Customer_934,Category_1,Before
West,975,14,2621,August,2023,-73.42222424407385,45.17210175287809,Customer_651,Category_3,After
South,1586,13,2655,February,2023,56.7497395963008,-124.25127333162433,Customer_98,Category_3,Before
West,1883,18,4198,July,2023,70.99278995673131,-45.72005919592931,Customer_909,Category_1,Before
East,1060,17,2278,August,2022,58.249155743674095,-104.74666654106798,Customer_277,Category_1,After
South,826,6,1694,November,2022,71.78182015272259,70.48618809866838,Customer_562,Category_3,Before
East,1664,7,4087,June,2023,9.560154790506871,159.91518180459872,Customer_662,Category_3,Before
South,1489,11,3524,May,2022,56.20646177826154,178.38394848571187,Customer_943,Category_2,Before
East,714,22,2085,November,2023,-20.87232508960193,-17.90034824102733,Customer_454,Category_1,After
East,934,7,3928,September,2023,29.928215066226926,-89.08905973088,Customer_103,Category_3,After
South,1451,14,3479,March,2023,87.9903956500496,-20.58142666164332,Customer_945,Category_1,After
South,1222,11,2693,December,2022,-49.369009708957066,125.01698758658057,Customer_600,Category_2,Before
South,1841,13,3315,October,2023,-19.81804566760549,-105.83795572126564,Customer_652,Category_3,Before
North,531,21,2058,April,2023,-3.5914720841845877,162.75443459505254,Customer_724,Category_3,After
West,1169,15,1778,September,2022,-65.15721233639069,-56.92832323266563,Customer_232,Category_3,After
North,784,11,4647,June,2022,-75.41305011628978,174.88931740210978,Customer_393,Category_1,After
North,1828,18,1493,August,2022,59.35011593789238,121.8991995122264,Customer_500,Category_2,Before
East,928,23,2585,July,2022,85.82298710896552,111.08539229306052,Customer_694,Category_1,After
South,785,8,2492,November,2023,-17.149488510661442,-65.55431744161791,Customer_250,Category_3,Before
West,1667,10,2790,February,2022,-74.22302948496241,-176.8402036987454,Customer_520,Category_2,After
East,1947,14,1660,March,2023,-78.15388307569623,-42.43215282264438,Customer_78,Category_3,Before
North,1542,11,2348,January,2022,70.43727714485377,-71.34862692143028,Customer_51,Category_3,Before
South,517,17,2327,September,2022,-6.513435049017616,-166.53708345283297,Customer_897,Category_1,After
East,1268,18,2299,July,2022,-32.395083018769455,1.9314923421346748,Customer_920,Category_3,Before
South,1089,8,4940,January,2022,-4.236971176908085,-34.90872793821481,Customer_780,Category_2,After
East,1894,12,2986,March,2022,-32.70526295537748,48.44032838694892,Customer_225,Category_3,Before
South,1698,9,4755,April,2022,-1.9735604446284043,43.62707598986995,Customer_50,Category_3,Before
North,1509,5,4060,April,2023,64.72015144522862,-136.53121107719517,Customer_185,Category_1,After
West,693,8,3044,May,2022,16.614246791177223,171.70759660558411,Customer_33,Category_2,Before
North,1001,7,4272,March,2022,35.03767910583157,-112.7046854010791,Customer_802,Category_1,After
West,1487,13,4516,March,2022,-24.359278277819413,-19.701351084706346,Customer_741,Category_3,After
South,1636,12,2928,January,2022,42.931058131893366,-4.277684363855428,Customer_130,Category_1,After
East,613,5,2347,July,2023,29.991075278287013,112.70260699708325,Customer_631,Category_1,Before
North,1745,10,2058,November,2022,-68.47884040462984,-144.27734540592718,Customer_442,Category_1,Before
West,1446,13,1976,October,2022,13.075713560805227,-25.688059484928573,Customer_837,Category_1,Before
North,1330,11,1481,January,2022,-43.786170664243556,46.2607812850334,Customer_758,Category_3,After
West,1787,8,1727,February,2022,54.73722053404671,-102.54397621534,Customer_431,Category_3,After
North,1424,17,3527,April,2023,-13.331212475950892,45.88844355578621,Customer_703,Category_2,Before
West,554,21,4136,April,2022,89.04314973536768,152.51934151787498,Customer_496,Category_1,Before
West,1299,6,2031,May,2023,-73.34992117098652,179.10652722216298,Customer_402,Category_1,After
South,1277,9,4372,November,2022,50.46261529322854,-168.31761235535674,Customer_322,Category_2,Before
West,1981,16,1342,February,2023,31.266312037588165,-95.1882378319161,Customer_209,Category_1,After
South,661,12,4502,April,2023,48.14978950632698,-68.28943831498891,Customer_614,Category_2,Before
West,1903,10,2447,January,2022,-34.64463681171786,-36.31460383981221,Customer_328,Category_3,After
East,586,12,3379,February,2022,-1.4301919111678956,-92.78742326948374,Customer_371,Category_2,Before
East,554,22,3485,January,2023,53.371533550267515,-106.74432196008749,Customer_459,Category_1,Before
East,1999,7,4659,October,2023,-48.142560308246104,163.63938327029996,Customer_132,Category_2,After
West,1701,16,3221,October,2022,-49.31402457804263,150.66777699738645,Customer_834,Category_3,After
South,1914,7,3606,April,2023,9.18917159308782,-163.0826996388777,Customer_650,Category_1,After
South,1872,10,1526,April,2023,4.241444315374039,-58.027312222254665,Customer_120,Category_3,Before
West,1531,6,2896,July,2023,-39.19275532567209,-34.146520675773615,Customer_605,Category_3,After
East,1332,16,1658,October,2022,-36.346382905531904,-93.95476752026039,Customer_451,Category_2,After
East,812,6,3073,November,2023,-39.987870622818214,46.39424291574318,Customer_964,Category_3,Before
South,1258,10,1819,November,2023,48.87217115972777,50.53706879192677,Customer_128,Category_1,After
East,942,21,3652,September,2023,27.34215580124291,126.18152219829494,Customer_90,Category_3,After
North,827,7,1405,September,2022,59.835093013845494,86.71293661867844,Customer_603,Category_3,After
South,1577,6,3279,May,2022,85.58514509652392,15.326397707744036,Customer_574,Category_2,Before
East,1260,24,3580,October,2023,-4.650426671042439,55.291237215991174,Customer_28,Category_3,Before
South,1762,12,4890,January,2022,-77.9951013470192,-81.36403864451349,Customer_721,Category_2,Before
North,1752,16,2573,January,2023,-81.34338412583362,33.50022838824876,Customer_523,Category_2,After
South,1078,8,2811,June,2022,-36.780292931108555,-3.8781882900290725,Customer_332,Category_1,Before
South,1574,9,1504,February,2022,77.85802608344116,-131.99599176610667,Customer_296,Category_1,After
South,1506,17,4740,August,2023,4.178349894757474,-92.68406043013054,Customer_129,Category_1,After
South,1787,19,1178,September,2022,-41.07842710557675,-74.99035774022903,Customer_292,Category_1,After
North,1941,20,1131,April,2022,-18.149976988016476,152.75144413892087,Customer_172,Category_2,Before
West,595,14,2846,May,2022,17.74711933284074,-97.0608098210798,Customer_719,Category_3,Before
South,1611,20,2478,November,2023,27.530938464811598,-75.87219498491946,Customer_943,Category_1,After
South,1601,16,3395,August,2022,-62.2944882390771,-47.03251316780438,Customer_23,Category_1,After
East,1811,21,3587,March,2022,85.86570177813167,58.94738590513933,Customer_98,Category_1,Before
South,1643,20,1771,May,2023,8.059000856901989,-137.4341787100294,Customer_405,Category_3,Before
East,1313,16,2429,March,2022,-65.57610279738972,163.4202764977594,Customer_355,Category_1,Before
West,990,12,3123,December,2022,70.85434560230408,131.60563923411524,Customer_138,Category_3,After
North,951,24,1578,October,2022,-76.56508240570281,27.797786283222052,Customer_502,Category_2,Before
North,664,7,3901,March,2022,73.3923779719523,62.653632272984424,Customer_825,Category_2,Before
West,681,20,2515,March,2022,89.38181813201683,-174.00223035208225,Customer_173,Category_2,Before
North,968,17,1193,December,2023,36.077723848170706,-57.979880874558475,Customer_28,Category_3,After
West,1409,23,3007,July,2023,48.68049979331815,106.43768303811913,Customer_930,Category_1,Before
West,1234,12,2185,July,2022,-29.285489435852455,-152.1061294347411,Customer_495,Category_1,After
West,1322,9,3394,July,2022,79.48383349210809,-78.36701968414073,Customer_654,Category_1,After
North,1443,24,3998,October,2022,5.348513899506173,30.70685820035206,Customer_827,Category_1,After
East,506,12,2384,August,2023,41.829920387559866,-87.69131002838095,Customer_350,Category_1,Before
West,829,16,2792,May,2023,76.3393888640303,156.23207069202692,Customer_553,Category_3,Before
South,1274,5,4655,May,2022,85.53239567559149,-132.81889291045547,Customer_298,Category_2,Before
North,650,24,2110,April,2022,59.97678418740139,107.06196884680031,Customer_719,Category_1,After
West,1608,10,4333,July,2023,-35.4568487432346,2.861529086306973,Customer_841,Category_2,Before
West,646,22,3261,October,2022,83.97855297937483,90.11907929518418,Customer_944,Category_3,After
South,1904,12,4736,April,2023,23.061515623842922,-68.14248180787892,Customer_191,Category_3,Before
East,1414,11,4793,February,2023,77.51564574335276,5.216256832333954,Customer_671,Category_1,Before
East,1808,5,2936,April,2022,31.69890464658333,128.46072590034345,Customer_63,Category_3,Before
East,1199,20,3620,August,2023,-34.69698686741032,-11.923884315682415,Customer_754,Category_2,Before
West,581,16,1779,September,2022,-23.39558565429313,-50.50084971230294,Customer_769,Category_1,After
West,1013,10,1261,March,2022,9.084919878529291,13.015939050984997,Customer_663,Category_1,After
West,1314,24,1729,July,2022,52.20267148077875,78.25059109309205,Customer_214,Category_2,After
North,1208,6,1282,December,2022,-32.76314075873971,-20.317195620539025,Customer_833,Category_1,After
South,1245,18,4719,September,2022,14.351609904154571,157.99571105121828,Customer_165,Category_1,Before
West,1522,8,2490,November,2022,-27.78750115624773,-73.81950334475687,Customer_542,Category_2,After
South,1909,5,4451,April,2023,56.83849283431928,-8.833101779116646,Customer_882,Category_1,After
South,1206,22,1361,October,2023,-5.988943121768926,92.49395736291893,Customer_231,Category_1,After
East,970,17,4520,March,2023,-76.18989116648066,68.08359257847295,Customer_793,Category_2,Before
North,1642,6,1440,May,2023,-60.11054613332345,130.91077887017622,Customer_540,Category_3,After
West,895,13,3140,January,2022,-79.00115982846619,178.85130504519918,Customer_194,Category_2,After
East,760,6,2644,March,2023,-0.12546971742145274,-26.331001633767755,Customer_505,Category_1,Before
East,1304,13,3800,August,2023,-70.8592864773191,-139.98568327800774,Customer_333,Category_2,Before
West,1433,5,1866,November,2023,-69.45480552426622,-169.05028290913154,Customer_767,Category_1,After
South,1779,15,2447,August,2022,79.38868680690786,81.67568621031779,Customer_792,Category_1,After
East,1404,7,1141,April,2023,67.07791299168997,134.64492167113764,Customer_303,Category_2,Before
South,1749,24,2314,February,2022,-8.624412573954118,-100.54346906000927,Customer_832,Category_1,After
North,1576,8,2455,August,2023,87.44495775303704,-122.95870661163386,Customer_436,Category_3,Before
South,1439,22,3796,August,2022,-89.96642492928063,-157.60616705075125,Customer_322,Category_1,After
North,1353,10,2875,October,2022,20.516302129210885,116.17305181819432,Customer_501,Category_2,After
South,1887,7,2847,April,2023,20.957071926936607,-67.90250163866963,Customer_857,Category_3,After
East,1803,15,2712,March,2022,-7.660249943420126,-35.38911860648045,Customer_913,Category_3,After
East,1092,19,3700,February,2022,-18.549364871827294,0.9900689794604318,Customer_392,Category_1,After
North,1213,9,1700,September,2023,-8.03103561349063,122.2031643154383,Customer_805,Category_2,Before
West,1681,24,1997,January,2023,-15.30712150565752,54.29995976213456,Customer_598,Category_1,Before
North,1131,14,3096,July,2023,41.488645946813904,41.42326674881207,Customer_148,Category_1,After
North,558,16,2325,May,2022,-65.63602170480887,-116.75804401587214,Customer_760,Category_2,After
South,627,19,1880,August,2022,-54.42494029359657,4.7483610155387055,Customer_832,Category_2,After
South,1235,21,2213,April,2022,-57.50671888936375,77.53716618431588,Customer_404,Category_1,Before
North,1220,14,2159,July,2023,-42.75529467817238,170.37391789097705,Customer_282,Category_3,Before
East,1638,10,1554,May,2022,4.546515380684994,-107.4937286831932,Customer_361,Category_1,Before
South,1732,22,1403,May,2022,-69.98242547912062,-176.56439289579842,Customer_378,Category_3,Before
West,1025,17,1891,September,2022,66.27047315877073,-152.89148390455088,Customer_197,Category_1,Before
South,1020,7,3912,September,2022,-36.47492436447499,-44.69311253448748,Customer_555,Category_2,Before
South,1051,14,1601,September,2022,-60.74316225563258,115.39607318855536,Customer_355,Category_3,Before
West,736,18,2830,December,2022,31.611835727683797,-177.42885056343178,Customer_539,Category_2,Before
North,1804,10,1340,June,2022,-83.14446589212253,-15.576986561097499,Customer_428,Category_2,After
West,1882,7,4828,June,2023,21.594341677349547,-61.47697847709797,Customer_16,Category_2,Before
North,1724,20,2968,May,2023,35.675717521769954,-161.10658436409807,Customer_638,Category_2,Before
North,1801,11,1703,September,2023,-51.315024350390544,-17.91493679785779,Customer_378,Category_2,Before
North,1758,24,1317,October,2022,-82.44646678014583,-88.29046535878122,Customer_679,Category_1,Before
West,993,18,3665,August,2022,-24.54383539449907,-53.32145963507767,Customer_505,Category_3,After
North,503,13,2386,July,2023,-72.25303855645143,74.02150972234548,Customer_755,Category_1,Before
East,1165,19,4893,July,2022,-69.03398705879933,7.758354207948145,Customer_898,Category_1,After
West,941,7,3429,June,2023,-44.23297833992438,-135.1269255625872,Customer_75,Category_1,After
East,528,6,3280,May,2022,-36.81577356718333,166.10923455251003,Customer_230,Category_2,After
North,1632,6,2800,April,2022,5.394661383855706,48.9278756555058,Customer_715,Category_1,Before
South,1109,7,2367,March,2023,32.11053939054236,95.71263323851133,Customer_961,Category_3,Before
North,1304,22,2572,March,2023,16.698769356633264,-151.48326599698652,Customer_247,Category_1,Before
East,574,18,1816,June,2023,-63.295139287886975,-163.0589833943932,Customer_301,Category_2,After
East,1337,24,1552,April,2023,-59.02451415852724,-172.99870186749078,Customer_725,Category_3,After
West,1669,22,4600,December,2023,68.1784649627246,-112.03415000156,Customer_214,Category_3,After
South,627,14,1855,December,2022,10.503416711540453,-30.81297682134175,Customer_157,Category_3,After
West,541,6,2812,June,2022,66.58880992158402,156.8974080250162,Customer_68,Category_3,Before
East,1879,5,3866,March,2022,-23.121627962422608,-15.458522664320526,Customer_392,Category_1,Before
North,540,8,4642,April,2023,20.592001337638294,-75.50816206588941,Customer_84,Category_2,Before
South,1433,18,1182,September,2023,4.259414889829941,22.296691267078813,Customer_266,Category_3,After
North,533,5,4112,May,2023,-32.55777183231674,-139.70355187147587,Customer_68,Category_3,After
North,1540,18,2574,July,2023,-5.4152330339528305,39.42212076179396,Customer_610,Category_2,Before
South,1676,20,1396,October,2023,0.44835782884777586,24.635503558981185,Customer_346,Category_1,Before
West,1497,18,2727,February,2023,-53.86122454379785,105.11749202605552,Customer_961,Category_3,After
North,1901,24,3826,May,2022,-33.29813297218832,175.2075401821287,Customer_727,Category_1,Before
East,1087,7,2517,September,2022,52.4537550912556,-89.68555018220022,Customer_926,Category_1,Before
North,841,7,4730,November,2022,74.8418831017429,3.4763222893538455,Customer_672,Category_1,After
South,526,13,1906,March,2022,-25.237063161846095,147.1915462748413,Customer_422,Category_1,After
South,1810,10,2356,September,2022,-34.74498920237673,102.6683583922229,Customer_605,Category_3,After
South,1145,17,3174,November,2023,-54.864510377061144,-4.533730883709268,Customer_173,Category_3,Before
West,1230,6,4629,June,2023,32.12841035710463,160.33379386132003,Customer_676,Category_1,After
North,667,12,4628,April,2023,-31.84205370005929,-159.39479033394863,Customer_114,Category_1,Before
West,1109,6,1000,July,2023,87.79491703785393,155.15950309653027,Customer_219,Category_2,Before
West,767,8,4239,August,2023,-31.37673562848842,-161.81733874218963,Customer_955,Category_2,After
South,1320,19,4691,June,2023,-19.05551157912693,17.029707881286356,Customer_30,Category_2,Before
South,954,8,1018,May,2022,18.60015531816626,140.55874128039085,Customer_522,Category_3,After
West,1405,17,4403,June,2023,54.3031727744349,-85.42046031793099,Customer_342,Category_2,After
North,1924,16,1583,May,2023,-5.4866402377859345,-9.990540379742924,Customer_376,Category_3,Before
East,1421,17,1455,August,2023,-13.921913917987496,-63.241603510692016,Customer_129,Category_3,Before
West,1480,18,4004,January,2023,89.2148100470655,162.77181014748652,Customer_999,Category_3,After
North,1999,24,3036,November,2022,-88.11114459481,116.51241411111272,Customer_616,Category_3,After
South,1201,22,2132,July,2022,71.11175199322423,75.24054407749665,Customer_538,Category_2,After
South,1133,10,4339,October,2023,-63.15465133084726,31.545715181439135,Customer_738,Category_1,After
North,629,15,3492,October,2022,51.46654971760441,115.41304415669333,Customer_1,Category_1,After
East,1519,6,4311,November,2022,21.227680772333642,-38.783865051523065,Customer_870,Category_1,After
South,1886,23,2952,February,2023,-28.46748861034343,-18.88133216181771,Customer_100,Category_2,Before
South,1318,23,4372,September,2023,67.2974919937833,82.80061958911011,Customer_532,Category_1,Before
South,1192,9,3649,January,2023,-87.67669896342144,-51.20828521426287,Customer_57,Category_2,Before
North,1815,23,3150,November,2023,-49.19568262651374,-156.99566086258542,Customer_388,Category_2,Before
West,1894,6,1987,October,2023,12.040703324916493,-153.23954080101427,Customer_691,Category_2,After
South,1293,14,4321,June,2022,-26.72239319105436,-138.46939152994662,Customer_940,Category_1,Before
West,528,6,4524,September,2023,19.86794915729898,133.08527640371858,Customer_340,Category_1,Before
East,648,15,1519,January,2023,-85.66016518643997,-9.998486727766448,Customer_860,Category_1,After
South,1819,22,4224,April,2023,-69.03739251329175,76.63765296410514,Customer_19,Category_3,Before
South,510,19,1858,April,2022,-67.12267676068095,-38.55263918223841,Customer_254,Category_2,After
East,1175,13,1173,September,2023,-55.9289437351183,-86.86405893037158,Customer_316,Category_3,After
South,1636,23,2366,November,2023,-7.320340655902299,-55.010819677603706,Customer_37,Category_2,After
West,686,13,4741,May,2023,45.3831659178428,105.90564431418608,Customer_659,Category_1,After
North,1306,7,4052,May,2022,72.99699082720221,45.077805011317764,Customer_536,Category_2,After
West,1243,13,3478,June,2023,60.367055451164305,157.55032078484476,Customer_385,Category_2,Before
North,1750,18,1726,January,2023,-54.56018308037696,64.69372028766023,Customer_632,Category_3,Before
North,1833,23,4760,January,2023,-10.592900598486167,25.265387431689817,Customer_927,Category_2,Before
West,597,11,2710,September,2022,-54.1059124034637,39.67056323490041,Customer_25,Category_1,After
West,554,20,2875,March,2023,-42.39507299990566,159.25371820862927,Customer_453,Category_2,Before
West,1122,20,3897,April,2023,0.6384566721395117,103.75233475201418,Customer_680,Category_2,Before
West,1163,5,2681,January,2023,-77.74037554976594,-171.34515454808238,Customer_322,Category_2,Before
East,1257,8,2347,September,2022,-50.72862067321082,12.290290608850995,Customer_736,Category_3,Before
South,905,8,1989,August,2023,78.36806903528111,67.80182815676335,Customer_512,Category_2,After
North,568,11,4744,February,2023,-6.099067321471978,89.53145223809582,Customer_818,Category_2,Before
West,1835,12,3686,August,2023,-9.830425323983008,-103.2688370469828,Customer_772,Category_3,After
West,1812,21,1419,July,2022,-87.3779121447698,132.18384760248682,Customer_12,Category_3,After
West,1250,9,1593,November,2022,-45.46804552949776,164.10353298305893,Customer_914,Category_3,Before
East,1671,11,3532,June,2023,65.93263847679265,-94.78248989584688,Customer_907,Category_3,After
West,1990,24,4730,January,2022,-60.366882913439625,137.74156470620846,Customer_559,Category_1,After
West,1767,24,2774,July,2022,-15.27751088375021,-145.08764549420567,Customer_920,Category_1,After
West,1457,8,3459,October,2022,-87.42043694393978,-159.94553899851172,Customer_824,Category_2,After
South,864,10,1935,July,2023,-3.8996132992999435,-133.47943196301023,Customer_370,Category_1,After
East,981,11,2107,September,2023,-86.21620078928092,-159.21321139186705,Customer_290,Category_2,After
West,700,22,2136,January,2022,57.52971955184398,124.20440537607931,Customer_331,Category_1,After
North,653,9,4808,February,2022,58.47367814767864,-158.7419479950221,Customer_605,Category_3,Before
North,1973,24,1331,November,2022,51.79359389442658,-82.20089110908403,Customer_260,Category_3,Before
North,572,7,4449,September,2023,-38.99446759959872,-142.6477163270917,Customer_993,Category_1,After
East,1212,11,4826,September,2023,60.70269927992726,-73.64806692704461,Customer_789,Category_1,After
East,795,18,3702,June,2022,7.739663868948469,-147.39859166366864,Customer_870,Category_2,Before
North,1540,11,3088,June,2022,-22.714540403939566,60.481170267485055,Customer_204,Category_2,Before
West,1740,9,2793,April,2022,22.559392746761944,-132.00234611667295,Customer_696,Category_2,Before
East,560,9,1958,April,2022,-87.77861170913268,126.66453330199965,Customer_686,Category_3,Before
North,1438,6,4868,May,2023,-64.2670420318646,114.18877826159076,Customer_949,Category_3,After
North,541,10,1104,March,2022,43.6128368706473,-175.08179323058062,Customer_386,Category_3,After
West,524,19,1201,January,2023,-46.05091043109246,142.46148798544124,Customer_891,Category_3,Before
South,1562,14,3497,January,2022,17.641641119174935,-169.58004597238786,Customer_820,Category_2,Before
East,630,11,2842,December,2022,-20.681531491854656,-93.72751741527962,Customer_467,Category_3,Before
West,1752,9,2866,July,2022,63.86504018386705,-168.33991040064177,Customer_414,Category_3,Before
North,607,5,2996,January,2022,81.43475507939584,-59.096344665846246,Customer_68,Category_3,After
North,671,17,2289,January,2022,69.04165110663428,4.991949256777787,Customer_471,Category_3,Before
West,1958,22,1909,March,2023,-41.2884009551526,106.79215284544972,Customer_103,Category_1,Before
East,601,17,1209,October,2022,-55.05068357170519,-58.32664183085899,Customer_757,Category_2,Before
South,1365,22,1562,April,2022,-4.601719148267705,73.97640888232203,Customer_160,Category_2,After
South,1023,9,4189,April,2022,-88.67985284948755,-112.49839543716708,Customer_199,Category_3,After
North,774,17,3760,February,2023,-85.35430928462729,90.21544442788553,Customer_215,Category_1,After
East,1567,8,4448,January,2023,9.592315132140016,-95.04122187267448,Customer_945,Category_2,Before
South,1316,21,4622,March,2023,3.6808927497514787,-128.32388786024353,Customer_211,Category_2,Before
East,1456,7,2563,November,2023,89.0247580263468,-113.25281386534046,Customer_507,Category_3,Before
East,1540,21,1770,April,2022,-53.66846963452354,-114.45727360253206,Customer_15,Category_3,After
North,829,15,4155,March,2022,-43.541292751115684,4.630636575716807,Customer_497,Category_2,After
South,511,24,3501,August,2022,-69.5626843812684,124.12712922773261,Customer_883,Category_2,Before
West,1841,8,3714,October,2023,75.15774173767403,-151.34217228269796,Customer_331,Category_1,Before
North,715,6,1628,January,2022,50.006024002521144,74.50427465763215,Customer_716,Category_2,After
South,838,24,4585,February,2022,58.021040062232544,55.56472547502875,Customer_876,Category_2,Before
South,1160,20,2628,July,2023,72.49748183361157,134.10718265857048,Customer_550,Category_3,Before
South,1604,22,2701,April,2023,4.481997610650893,-92.1068782175134,Customer_600,Category_2,Before
South,873,12,1386,August,2023,-8.785225538869739,-17.960450873389334,Customer_941,Category_3,After
South,1475,7,2935,November,2022,-30.52953474018903,153.29785479966625,Customer_255,Category_2,Before
East,1209,13,4421,March,2022,16.058630582613986,57.59764204871419,Customer_991,Category_2,Before
North,1723,24,3343,June,2023,-8.229888577831943,-40.04337136982511,Customer_765,Category_2,Before
East,965,10,3305,September,2022,-8.718194410996475,-132.69154217210337,Customer_727,Category_1,Before
West,1612,14,2104,January,2023,78.64701547160502,-85.50539715578722,Customer_879,Category_3,After
South,1791,14,1267,January,2023,87.12567257024344,29.237571896177997,Customer_814,Category_1,After
North,988,17,3466,August,2022,53.36719007932453,78.54046112178492,Customer_171,Category_2,After
South,546,21,3282,March,2023,46.2164562444471,-135.20812073331834,Customer_648,Category_1,Before
North,1811,13,2856,May,2023,32.500469120238265,35.855013615859434,Customer_999,Category_3,After
East,1277,21,4382,January,2023,-60.106526579967536,18.126460381950352,Customer_497,Category_2,Before
North,1539,13,4884,May,2022,-79.36095224238218,5.023960808654891,Customer_470,Category_1,After
West,1210,13,2998,November,2023,34.330736720387364,68.44432236552285,Customer_383,Category_1,Before
West,900,5,4033,June,2023,41.18152000618366,121.48185423004628,Customer_689,Category_3,After
North,1480,6,2380,August,2023,-81.54486160233483,-63.72371405632738,Customer_588,Category_1,After
North,1609,20,2236,March,2023,77.04931504119267,140.0443884399454,Customer_699,Category_3,After
North,749,5,1573,March,2023,-73.59468489995804,-122.17189945732176,Customer_506,Category_2,Before
North,890,14,1048,December,2023,-38.53790392118357,-117.71140688958084,Customer_991,Category_2,Before
West,834,22,2150,November,2023,31.030166303766805,-83.9620570953874,Customer_526,Category_1,Before
South,1128,12,1222,November,2022,-59.42293300719426,-136.968886963052,Customer_803,Category_2,After
North,636,15,3968,October,2022,-80.025140080396,-97.08507911416407,Customer_830,Category_2,Before
North,1382,6,4350,September,2023,-30.393631950453035,-141.69176535497593,Customer_324,Category_1,Before
West,1187,12,2431,April,2022,47.87488347393224,115.83087011474055,Customer_213,Category_2,Before
West,1326,12,2528,April,2022,-15.537837782653142,-129.97116292081515,Customer_207,Category_1,Before
East,1226,21,4365,December,2023,27.53512594342908,89.02712072154844,Customer_168,Category_3,Before
North,1093,19,2819,July,2022,14.331437501064599,-162.75100755119985,Customer_329,Category_3,Before
East,1746,21,3324,February,2023,-86.00067323539552,161.46731790500945,Customer_279,Category_3,After
West,1489,17,2461,August,2023,87.93719766822721,76.0176315099958,Customer_977,Category_1,After
West,871,23,2130,June,2023,-82.5429440125102,-177.55324250899974,Customer_304,Category_1,Before
South,1434,9,2681,March,2023,84.2044927767273,94.98834007207705,Customer_145,Category_2,After
North,1494,16,3467,September,2023,8.975552105591674,5.069491475826709,Customer_774,Category_2,After
East,901,5,3658,May,2022,83.36862487171197,100.5714613206431,Customer_515,Category_2,Before
West,1966,9,4500,August,2023,-69.34435210550961,8.098851200611847,Customer_89,Category_2,Before
West,1114,12,1374,July,2022,-1.7264665466076252,50.76894874872767,Customer_452,Category_2,After
East,1796,17,3120,August,2023,-59.48926346410944,103.07939594221455,Customer_59,Category_1,Before
South,1682,12,3021,July,2023,-80.82452213596036,-34.161100348371576,Customer_310,Category_1,After
West,1675,15,4705,March,2023,21.15524071121608,-179.02506606463726,Customer_527,Category_3,After
North,1494,5,2053,February,2022,-52.59898422689554,125.98073854026785,Customer_226,Category_3,After
West,1119,17,4259,July,2023,15.785463291758276,-42.879469455121466,Customer_473,Category_3,Before
North,687,23,4435,March,2023,-69.7743932491826,-1.4246186340301108,Customer_977,Category_3,After
East,1621,7,2889,March,2023,-30.2424351421135,-177.20400882457128,Customer_540,Category_1,Before
North,630,21,2823,February,2023,50.69386044958449,-2.846876273964739,Customer_662,Category_1,Before
East,1304,9,2474,April,2022,-11.330726068406221,175.13546456582264,Customer_756,Category_1,Before
North,1694,24,3242,August,2023,22.994174681520548,-79.82364210524293,Customer_781,Category_2,Before
East,1435,12,2179,December,2022,26.542429334198275,-37.6494227127439,Customer_78,Category_2,Before
North,1485,18,4243,January,2023,61.87590791771285,67.38839872872359,Customer_432,Category_3,After
South,682,8,3894,January,2022,-31.51389700680457,113.32572030851713,Customer_800,Category_2,Before
North,1482,15,2064,December,2022,33.713201264853154,-29.73901535780388,Customer_152,Category_1,Before
North,863,24,4134,May,2023,83.09084526830983,-68.51920665553469,Customer_788,Category_3,Before
South,538,19,3070,November,2023,41.44380018441623,157.61728799462418,Customer_400,Category_3,Before
West,996,23,1359,May,2022,-1.8233141908059878,63.77218800180091,Customer_278,Category_2,Before
West,1872,11,4146,November,2023,23.52914000854726,-137.15233038246922,Customer_56,Category_3,After
North,1481,23,3607,December,2023,43.142921597359475,-155.1859638715265,Customer_976,Category_2,Before
South,1420,23,3719,January,2023,20.209637824897044,-5.922053715467143,Customer_185,Category_2,Before
North,1920,15,3041,June,2022,-86.99835357182896,-100.76757622298192,Customer_397,Category_3,After
East,1221,9,4896,January,2023,-54.940770416299344,-88.56548878454875,Customer_604,Category_2,Before
East,1684,9,2141,May,2023,55.88427909878388,135.96918437802537,Customer_787,Category_2,After
North,515,12,2635,September,2023,-40.922883483752756,-147.75623124612815,Customer_157,Category_2,After
West,992,14,2403,December,2022,41.681181521004106,77.53108148240028,Customer_786,Category_2,After
West,1949,10,2943,May,2023,-23.01836125649423,-82.3887887829883,Customer_692,Category_3,After
North,1631,19,1678,June,2022,3.939179068429766,93.7181597054896,Customer_358,Category_1,Before
North,1393,20,4361,August,2023,-77.76480603250734,80.06809840687606,Customer_439,Category_1,Before
East,1973,21,3487,November,2022,-57.37939901105228,-177.3389154800545,Customer_588,Category_2,After
West,810,12,4739,January,2023,82.29545343346223,3.288748651775677,Customer_465,Category_2,After
North,1238,12,3980,February,2023,70.22484962044453,-129.84498634390332,Customer_662,Category_2,Before
East,1693,13,1006,September,2022,27.409519961829034,131.84173100832362,Customer_445,Category_1,After
West,1045,6,4267,March,2022,-7.263972470567268,133.77091783046637,Customer_749,Category_2,After
South,913,19,3468,June,2022,31.637032721140287,-29.395509302247092,Customer_800,Category_3,After
East,750,22,2591,May,2023,21.349852036909027,-20.017577357611003,Customer_742,Category_3,Before
West,1258,7,1832,November,2023,12.339406008830181,-70.81814181437024,Customer_487,Category_3,After
West,1664,21,4264,February,2023,-79.34812706456248,77.97826762561118,Customer_529,Category_1,Before
East,1797,8,3606,July,2023,23.904469919071246,-50.881909310474725,Customer_72,Category_2,Before
South,1939,8,4219,April,2022,48.4056080228103,-83.59470917185185,Customer_928,Category_2,Before
East,1562,18,2810,January,2023,88.93469783620358,-24.396818578377037,Customer_927,Category_2,After
West,1313,13,4740,April,2023,-88.00586053302426,-147.06449338051488,Customer_700,Category_1,After
North,528,13,4273,June,2023,41.431221595921784,88.77715367191337,Customer_949,Category_1,Before
North,1457,22,4515,July,2023,12.92207686847648,-175.4652955421567,Customer_16,Category_1,Before
East,976,14,1913,July,2023,-11.870608305427794,52.0146221474138,Customer_530,Category_1,Before
West,817,8,3011,July,2023,-67.03736857715325,-114.16877036824593,Customer_730,Category_3,After
North,744,16,2442,March,2023,-16.364673245722287,-96.33454336281127,Customer_325,Category_1,After
West,1247,12,2450,June,2022,-26.212107062495647,48.82751951041439,Customer_994,Category_1,Before
East,1196,6,4054,August,2023,-35.490619983826406,177.45964768184655,Customer_631,Category_1,Before
North,771,17,2502,April,2023,41.55833219799737,99.97829606611822,Customer_612,Category_2,After
West,1963,20,4546,August,2023,36.13059383116749,-98.69773239957888,Customer_545,Category_2,Before
North,1762,6,1125,February,2023,16.023616376564078,-116.63108818519183,Customer_595,Category_2,After
East,876,15,3442,October,2022,78.95966639280701,131.8438332963613,Customer_920,Category_3,After
West,765,14,1816,September,2022,-27.026210847446194,-20.093778748258444,Customer_707,Category_3,Before
North,1425,19,3928,September,2022,-46.115651212167684,-130.66099098186402,Customer_841,Category_1,Before
East,1420,21,2829,August,2022,28.062596357711925,130.39611239589772,Customer_201,Category_2,After
North,1882,12,1575,October,2022,-54.21346903126747,113.7932470491341,Customer_343,Category_3,After
North,839,22,3372,October,2022,-33.29810870698357,174.2062910029789,Customer_852,Category_2,After
South,888,13,2415,January,2023,-49.57156078652073,147.5077272165662,Customer_522,Category_3,After
South,1076,12,1929,February,2022,-77.55235781066978,126.64452191779498,Customer_858,Category_3,After
East,502,18,4759,June,2022,58.94977349442121,-161.07321678803888,Customer_399,Category_1,Before
South,1952,22,4699,October,2023,-44.18270227410099,-142.4104669806775,Customer_217,Category_1,After
East,1665,24,2463,May,2022,-4.855049398256284,24.833949949484207,Customer_444,Category_3,After
South,875,24,4275,December,2023,-82.20325081422385,11.332528661455513,Customer_764,Category_1,After
North,823,16,4557,September,2023,35.881103925475756,-15.13324278376723,Customer_221,Category_3,Before
East,645,23,1832,May,2022,-30.499019584867654,-37.15584285074968,Customer_382,Category_3,Before
East,792,18,2054,February,2023,44.05261100925779,-24.764225448841586,Customer_880,Category_2,After
North,931,21,4459,October,2022,-15.767449115784103,24.94725628852629,Customer_591,Category_1,After
East,1204,7,2648,April,2022,-54.76399084698757,-179.25245366397075,Customer_6,Category_1,Before
East,1448,11,2900,September,2023,2.371514810766456,-86.14484131217321,Customer_271,Category_1,Before
South,1084,21,2457,January,2023,-66.50917926526084,6.580699447935984,Customer_738,Category_2,Before
East,898,16,3884,November,2022,-10.702951222860946,79.99779552251266,Customer_15,Category_2,Before
West,1316,13,3973,January,2023,-32.88501406431242,-117.30359073765732,Customer_423,Category_2,After
North,1867,19,2399,December,2023,74.15272515593398,16.87722256347587,Customer_523,Category_1,Before
South,1463,22,4415,July,2022,-79.03283009027041,77.20548619888143,Customer_802,Category_1,After
South,1663,17,1442,November,2022,34.92313453903357,-19.934043150994313,Customer_752,Category_1,After
West,686,12,4650,March,2023,-57.104790122261534,-170.25079187878163,Customer_20,Category_2,Before
North,560,18,3122,October,2022,-32.57188662019683,-18.263462952370787,Customer_689,Category_2,Before
North,1438,12,1556,February,2022,-15.207468648828126,-73.27984041210487,Customer_938,Category_3,Before
South,1903,18,4843,September,2022,73.44271608749537,154.67385877247818,Customer_227,Category_2,Before
East,1209,11,4737,March,2022,-46.335912106711476,-135.13918115580213,Customer_784,Category_3,After
South,1306,16,2178,February,2022,-73.56441554195936,54.89134398260356,Customer_287,Category_1,After
North,1963,15,4501,December,2022,-32.635871281705754,-161.0208841195796,Customer_808,Category_2,After
West,1842,15,3037,August,2022,-71.158325303604,-19.378642387429267,Customer_133,Category_1,Before
South,1825,17,1362,October,2023,-66.85263252710055,19.432615399229007,Customer_983,Category_1,After
North,1867,22,3495,June,2022,13.29310763550481,-72.73622472592844,Customer_282,Category_1,Before
South,510,6,2257,June,2023,-79.0376520420912,-16.172771212661615,Customer_403,Category_1,After
East,1585,19,4634,October,2023,-84.43244134915811,-121.12063396913254,Customer_664,Category_2,Before
South,725,24,2841,November,2023,38.59453826468959,-70.51541419150698,Customer_65,Category_1,After
South,1676,22,3309,July,2022,-24.90352292861199,43.59827696767309,Customer_648,Category_3,After
North,1063,19,2850,July,2022,-67.43243713790281,-71.35197988998416,Customer_603,Category_2,Before
North,1271,23,3172,November,2023,-44.34970124525252,143.90750822719383,Customer_436,Category_1,After
North,1833,16,1910,June,2022,25.57557132343183,46.226504750756305,Customer_828,Category_2,After
South,1384,17,1244,April,2023,-40.40341791464679,-22.08635336304559,Customer_933,Category_3,Before
East,1766,15,1541,November,2022,-0.9861974783265737,-166.0475032004943,Customer_258,Category_1,Before
West,1889,9,3532,September,2022,-68.09484478919899,-0.16259932631834317,Customer_979,Category_3,Before
West,1853,5,3169,June,2023,15.856854768980455,95.3194471650321,Customer_965,Category_1,Before
North,1630,7,3172,April,2023,-33.10601690821247,-84.39926471553109,Customer_102,Category_3,Before
North,725,23,2572,December,2023,22.854318215168973,110.43848507355625,Customer_992,Category_1,After
South,1324,11,3217,March,2022,55.51107881472413,-89.34956422168267,Customer_566,Category_2,Before
West,717,16,1123,April,2023,20.096355490198633,116.54869966228819,Customer_768,Category_1,After
North,1436,19,4940,March,2022,-36.76543873289628,-149.30339701979614,Customer_100,Category_2,After
East,1252,9,4106,February,2022,-43.96613372130593,131.82613519285064,Customer_197,Category_1,Before
East,1005,19,4158,May,2022,-31.06422742797936,-0.29287766400102555,Customer_812,Category_1,After
North,758,12,3693,February,2023,-60.368307617429124,-73.24646773670568,Customer_225,Category_3,After
North,553,14,2731,June,2023,-57.389066846996386,-84.55922985054644,Customer_942,Category_3,Before
West,1570,20,1785,March,2023,52.32439834203021,-24.476198785069442,Customer_462,Category_3,After
West,1226,12,3043,June,2022,-20.748136228659902,179.6578193173122,Customer_236,Category_1,Before
South,1188,5,3248,November,2022,-11.520867497294546,-100.68213836247028,Customer_25,Category_1,Before
West,1622,16,3416,October,2023,16.928903802026014,-142.84200640356013,Customer_120,Category_1,Before
East,1543,9,1796,September,2022,16.137629127278572,30.61266073871829,Customer_909,Category_2,After
East,918,7,1076,January,2022,-77.87216312605337,-4.124712081507425,Customer_505,Category_2,After
North,1189,5,1058,June,2023,59.67734154077982,8.710657582790645,Customer_181,Category_1,After
West,1349,8,3478,September,2023,-58.08122041969091,60.09675032059815,Customer_710,Category_3,After
South,561,12,3685,November,2023,40.152894488940404,-83.82813484656624,Customer_813,Category_3,Before
East,1668,7,2523,April,2022,49.08077786306998,147.83939833819983,Customer_766,Category_3,After
East,715,14,2936,November,2022,38.681916136436456,-23.158056195975462,Customer_633,Category_1,Before
South,502,6,3156,December,2022,14.215976379746138,-133.52896974871376,Customer_542,Category_3,After
South,659,15,4807,February,2022,-87.37038052040108,87.22755242421994,Customer_983,Category_1,After
East,1280,14,4055,April,2022,-25.13241137462927,51.5175669424261,Customer_314,Category_2,After
East,1643,18,2301,January,2023,18.87109728526461,-66.33237510574665,Customer_990,Category_3,After
South,1392,11,1067,March,2022,-20.258766733943034,43.74674065225747,Customer_796,Category_2,After
East,1612,6,4140,October,2022,65.42638108430634,-100.84969570716832,Customer_617,Category_3,Before
North,828,13,4236,September,2022,-34.415590437069234,-19.857830637409364,Customer_735,Category_1,After
North,1079,20,4560,October,2023,-37.16373735744112,143.7885079802371,Customer_272,Category_1,After
South,1880,17,3352,May,2023,-42.12041524332157,-131.92767606213022,Customer_909,Category_1,After
West,1790,13,2932,November,2023,-30.09944358705681,-40.789278004513676,Customer_231,Category_1,After
South,1451,24,3721,June,2022,10.332893576553687,115.611272899325,Customer_419,Category_3,Before
South,1846,8,1364,March,2023,37.26275296906634,169.01672378622413,Customer_767,Category_2,After
West,1134,14,4925,May,2023,29.26222519298132,-16.586590888153466,Customer_441,Category_1,Before
West,1487,16,1820,November,2023,55.389207596666324,2.5198632516050736,Customer_495,Category_3,After
West,1718,21,2402,August,2022,69.46451918953647,25.981906242157095,Customer_23,Category_2,Before
North,1420,18,3390,June,2023,56.894227621803225,155.64533098813592,Customer_108,Category_1,Before
East,1237,18,1946,April,2022,-86.58982739261617,128.9544447517307,Customer_702,Category_2,Before
North,1855,6,3946,February,2022,42.46523163935797,-118.58359513620803,Customer_501,Category_1,Before
East,669,24,2577,September,2023,-52.48807674870031,-22.76718557505299,Customer_858,Category_2,Before
North,1020,15,2377,December,2022,-66.07295231256313,-12.959845849286523,Customer_24,Category_2,After
East,1986,20,2439,January,2023,24.927981263844387,104.07460019355244,Customer_186,Category_1,Before
North,539,23,4180,January,2022,-32.446224826614916,37.0414377379567,Customer_287,Category_3,After
West,1784,10,4634,April,2023,-79.71891059332022,55.519366330444655,Customer_627,Category_2,Before
South,1918,23,1761,July,2023,-65.22664780829496,179.35196675962231,Customer_337,Category_1,Before
North,1454,9,4568,January,2023,-89.83270496340701,-153.0143843507953,Customer_877,Category_2,After
East,1749,8,1340,September,2022,72.58025292204732,-99.71646352785612,Customer_913,Category_2,Before
West,1483,19,3989,April,2023,-85.56876290857706,-33.15746254624315,Customer_36,Category_3,Before
North,1647,8,1382,March,2022,-52.29796148828801,-54.79833490240061,Customer_793,Category_2,Before
North,1474,24,2003,January,2023,-15.07269947617668,-172.2075979150859,Customer_136,Category_2,Before
West,537,14,2556,October,2022,-25.817161328852563,-146.96006167037672,Customer_507,Category_1,After
North,827,7,1299,April,2022,74.11065784429962,65.14318490528743,Customer_226,Category_1,Before
South,1774,9,1138,September,2023,-82.74798976778241,136.55680681052183,Customer_319,Category_3,Before
North,1699,10,1358,October,2023,2.1986473818692787,5.12172405575194,Customer_839,Category_2,After
South,1413,12,1835,June,2023,32.48630325438731,14.108788624907874,Customer_915,Category_2,After
South,953,11,2522,June,2023,77.70563526261037,-88.16636418034342,Customer_181,Category_2,Before
West,536,14,4456,January,2023,21.666825382269778,96.4354909081361,Customer_873,Category_3,Before
North,1839,10,2627,October,2022,54.67594248211728,90.6460514522123,Customer_85,Category_2,After
West,1472,18,2982,February,2023,-74.92951118783729,31.811648118356402,Customer_466,Category_1,Before
North,1295,8,2303,November,2023,-20.530888031353072,-103.44085685591658,Customer_925,Category_3,After
North,1472,17,4708,June,2022,-22.689515793767853,-145.0734414346478,Customer_52,Category_1,Before
East,1092,24,3530,February,2023,69.53187896202917,-156.87411269143468,Customer_859,Category_1,After
North,1637,21,1908,March,2023,-62.75318917261051,33.37058399143601,Customer_866,Category_3,After
West,1563,11,2134,April,2022,-62.66048897940655,117.012714891408,Customer_234,Category_1,After
South,1824,8,3913,November,2023,-30.859533020556277,128.99895544113292,Customer_958,Category_2,Before
North,723,18,3186,May,2023,-80.19611147396924,-13.096053236358074,Customer_778,Category_3,Before
East,817,7,1995,September,2023,-57.15755268255179,102.33766775041806,Customer_798,Category_1,Before
West,848,9,3482,December,2022,83.73773493823234,160.87687068276853,Customer_432,Category_2,Before
North,614,20,3556,April,2023,-12.926890823908892,-80.93875950429552,Customer_495,Category_2,After
West,1197,24,3320,November,2022,23.763457516038557,-36.734275302927415,Customer_998,Category_1,After
East,1846,8,4170,September,2023,40.70002668203466,155.33243733480504,Customer_99,Category_2,After
East,1563,6,4835,November,2022,-23.946946738703915,-58.236851765777445,Customer_989,Category_3,Before
West,539,22,4921,October,2023,-63.49912660610694,148.99546451584666,Customer_598,Category_1,Before
North,1812,23,3151,March,2022,-52.81541708007945,173.1761504116077,Customer_402,Category_2,Before
South,1785,23,2237,August,2022,-33.612034215490134,58.251862286792885,Customer_395,Category_2,After
East,715,21,2784,December,2022,24.492315663400618,114.08050422150058,Customer_526,Category_1,Before
North,1670,18,4735,January,2022,-18.30950116397021,89.83640311959067,Customer_414,Category_1,Before
North,835,23,3809,November,2022,-88.77335437797694,71.83233274158857,Customer_938,Category_1,After
South,1691,17,3834,September,2022,4.213293312144941,-69.50481372675628,Customer_612,Category_1,After
East,591,16,1164,September,2023,75.8724105433352,-159.44603835314027,Customer_676,Category_3,Before
East,852,10,1998,October,2023,56.17396998156224,-56.501376292925784,Customer_462,Category_1,After
North,1070,8,4924,February,2022,58.53804682673359,60.09695467340637,Customer_540,Category_3,Before
North,1315,23,3567,April,2022,53.110443169103604,-143.0894886379915,Customer_625,Category_3,After
South,1280,20,2307,August,2022,-31.728451390123745,-175.70952612783285,Customer_618,Category_1,After
South,862,17,3564,July,2022,47.73489007579056,-129.71074586294208,Customer_921,Category_3,After
East,1056,8,1656,January,2023,-64.23095559398526,77.6649335078863,Customer_363,Category_1,Before
West,1868,21,3660,May,2022,28.388906509671628,170.20573259631982,Customer_129,Category_1,Before
East,1693,5,3211,July,2023,25.482342003298996,173.9032918613354,Customer_83,Category_2,Before
North,855,22,2909,April,2023,-85.39743616384776,-2.1675063095323424,Customer_270,Category_1,After
East,690,24,4730,January,2022,51.83462404636768,132.96682835724505,Customer_243,Category_2,After
West,921,21,3046,September,2022,72.5846589171235,85.25752407054148,Customer_387,Category_3,After
South,1199,19,3111,May,2023,-41.86524987502062,0.374485314457246,Customer_213,Category_2,After
West,506,15,4162,November,2023,56.230330353507156,26.19379186383125,Customer_817,Category_3,Before
West,632,17,2140,February,2022,-75.16692506484932,-130.59822721792642,Customer_165,Category_1,Before
West,1056,5,2889,August,2022,17.99421448699188,157.55812582197314,Customer_790,Category_3,Before
South,1325,21,1266,November,2022,-2.5835642398301104,-53.305282536560355,Customer_58,Category_3,After
West,1260,10,2845,February,2023,8.266235995620008,-19.386267675418964,Customer_601,Category_1,After
West,1554,8,2708,March,2023,76.71693633918213,61.79768315924355,Customer_882,Category_3,Before
West,1034,24,4630,October,2022,66.83674450443363,-59.79511025044059,Customer_842,Category_1,After
North,925,20,4211,January,2023,51.31505830315626,-88.46670204398501,Customer_923,Category_2,Before
West,1917,19,3293,November,2023,-40.73427761789323,47.177781577279404,Customer_503,Category_1,After
South,1171,19,4732,February,2022,74.12735316349651,-171.0057303785342,Customer_705,Category_1,After
West,862,10,4829,July,2022,-72.44861535650246,79.46104032960437,Customer_122,Category_3,Before
West,1960,19,3442,October,2023,63.599258980581794,5.048413155543528,Customer_647,Category_2,Before
South,581,18,2510,February,2023,-30.931186976350602,38.07134298753638,Customer_412,Category_1,After
West,855,15,1475,June,2022,-80.32098390084299,47.47685732887865,Customer_138,Category_2,Before
South,1781,11,4588,March,2022,30.48425716333469,9.738056337322945,Customer_228,Category_2,Before
West,1088,13,1976,April,2022,-48.369612903128015,29.71215987866495,Customer_273,Category_3,After
South,794,20,2207,November,2022,-46.15719734436625,66.16375232035486,Customer_438,Category_1,After
West,1747,9,2043,August,2022,-34.91151007882113,91.12278498468271,Customer_561,Category_3,After
West,1569,24,2960,March,2023,-78.53674184954698,81.88286086300337,Customer_909,Category_1,Before
North,1636,14,1557,October,2023,-58.11711404431428,133.0619247836142,Customer_117,Category_2,After
North,1756,22,2017,June,2023,-89.07486703459915,-111.800364059735,Customer_713,Category_1,After
West,516,7,4595,January,2023,-9.826286200958378,-35.58673098295287,Customer_994,Category_1,After
West,859,17,2605,July,2022,-74.83403206476517,161.20658376520453,Customer_904,Category_2,After
East,1746,15,4600,August,2022,32.877468907955816,-37.2273932209213,Customer_482,Category_2,After
